symbol,strategy,entry_timestamp,exit_timestamp,side,entry,stop,target,grade,session,outcome,r_multiple
BTCUSDT,Zone Entry,2025-10-22 00:59,2025-10-24 12:59,SELL,107930.1,111720.7,96558.30000000003,B,Asia,LOSS,-1.0
BTCUSDT,Zone Entry,2025-10-30 09:59,2025-10-30 19:59,SELL,110129.5,111313.6,106577.19999999998,A,Europe,WIN,3.0
BTCUSDT,Zone Entry,2025-10-30 13:59,2025-10-31 01:59,SELL,107582.2,109665.9,101331.1,A,Europe,LOSS,-1.0
BTCUSDT,Zone Entry,2025-11-11 07:59,2025-11-12 16:59,SELL,104737.0,105709.0,101821.0,A,Asia,WIN,3.0
BTCUSDT,Zone Entry,2025-11-11 20:59,2025-11-12 09:59,SELL,102774.8,104517.8,97545.8,B,US,LOSS,-1.0
BTCUSDT,Zone Entry,2025-11-17 18:59,2025-11-20 17:59,SELL,92504.2,94267.0,87215.79999999999,A,US,WIN,3.0
BTCUSDT,Zone Entry,2025-11-18 06:59,2025-11-18 12:59,SELL,89615.9,91681.2,83419.99999999999,A,Asia,LOSS,-1.0
BTCUSDT,Zone Entry,2025-11-21 06:59,2025-11-21 07:59,SELL,85541.3,87017.4,81113.00000000003,B,Asia,WIN,3.0
BTCUSDT,Zone Entry,2025-12-02 13:59,2025-12-09 16:59,BUY,87691.3,85474.1,94342.9,A,Europe,WIN,3.0
BTCUSDT,Zone Entry,2025-12-05 13:59,2025-12-08 09:59,SELL,90433.6,92079.9,85494.70000000004,B,Europe,LOSS,-1.0
BTCUSDT,Zone Entry,2025-12-19 03:59,2026-01-05 15:59,BUY,86863.1,84557.4,93780.20000000004,B,Asia,WIN,3.0
BTCUSDT,Zone Entry,2026-01-16 03:59,2026-01-20 05:59,SELL,95319.6,96587.4,91516.20000000004,A,Asia,WIN,3.0
BTCUSDT,Zone Entry,2026-02-11 02:59,2026-02-14 11:59,SELL,68641.3,69886.5,64905.70000000001,B,Asia,LOSS,-1.0
BTCUSDT,Zone Entry,2026-02-14 11:59,2026-02-14 13:59,BUY,70464.8,69182.1,74312.9,B,Europe,LOSS,-1.0
BTCUSDT,Zone Entry,2026-02-25 15:59,2026-02-27 11:59,BUY,67362.3,66209.5,70820.70000000001,A,Europe,LOSS,-1.0
BTCUSDT,Zone Entry,2026-03-08 16:59,2026-03-09 05:59,SELL,66829.9,67869.0,63712.59999999998,B,US,LOSS,-1.0
BTCUSDT,Zone Entry,2026-03-11 09:59,2026-03-11 13:59,SELL,69431.2,70827.1,65243.49999999997,B,Europe,LOSS,-1.0
BTCUSDT,Zone Entry,2026-03-13 13:59,2026-03-13 15:59,BUY,73344.8,72189.8,76809.8,A,Europe,LOSS,-1.0
BTCUSDT,Zone Entry,2026-03-24 21:59,2026-03-26 11:59,BUY,70296.2,69342.6,73156.99999999997,B,US,LOSS,-1.0
BTCUSDT,Zone Entry,2026-03-26 09:59,2026-03-27 14:59,SELL,69537.6,70737.0,65939.40000000002,A,Europe,WIN,3.0
BTCUSDT,Zone Entry,2026-04-10 17:59,2026-04-12 01:59,BUY,73079.9,72421.1,75056.29999999996,B,US,LOSS,-1.0
BTCUSDT,Zone Entry,2026-04-12 13:59,2026-04-13 13:59,SELL,70861.5,71435.0,69141.0,A,Europe,LOSS,-1.0
BTCUSDT,Zone Entry,2026-04-16 19:59,2026-04-19 22:59,BUY,75309.4,74301.6,78332.79999999996,B,US,LOSS,-1.0
BTCUSDT,Zone Entry,2026-04-22 11:59,2026-04-28 11:59,BUY,78263.2,76267.4,84250.6,A,Europe,LOSS,-1.0
BTCUSDT,Zone Entry,2026-04-22 14:59,2026-04-22 23:59,BUY,78996.8,78196.6,81397.4,B,Europe,LOSS,-1.0
BTCUSDT,Zone Entry,2026-05-06 09:59,2026-05-06 14:59,BUY,81959.3,81333.4,83837.00000000003,B,Europe,LOSS,-1.0
BTCUSDT,Zone Entry,2026-05-26 21:59,2026-05-28 03:59,SELL,75864.0,76534.7,73851.90000000001,B,US,WIN,3.0
BTCUSDT,Zone Entry,2026-06-02 05:59,2026-06-02 15:59,SELL,70235.1,71266.5,67140.90000000002,B,Asia,WIN,3.0
BTCUSDT,Zone Entry,2026-06-03 19:59,2026-06-05 06:59,SELL,65428.6,66841.0,61191.399999999994,B,US,WIN,3.0
BTCUSDT,Zone Entry,2026-06-15 11:59,2026-06-16 14:59,BUY,66192.0,65559.8,68088.59999999999,A,Europe,LOSS,-1.0
BTCUSDT,Zone Entry,2026-06-17 10:59,2026-06-17 15:59,SELL,64770.4,65503.9,62569.9,A,Europe,LOSS,-1.0
BTCUSDT,Zone Entry,2026-06-22 12:59,2026-06-22 22:59,BUY,65120.1,64109.9,68150.69999999998,A,Europe,LOSS,-1.0
BTCUSDT,Zone Entry,2026-06-22 22:59,2026-06-24 17:59,SELL,63948.4,65547.9,59149.90000000002,B,US,WIN,3.0
BTCUSDT,Zone Entry,2026-06-23 05:59,2026-06-24 13:59,SELL,63372.1,64037.2,61376.8,A,Asia,WIN,3.0
BTCUSDT,Zone Entry,2026-07-07 04:59,2026-07-07 12:59,SELL,63069.0,63815.0,60831.0,A,Asia,LOSS,-1.0
BTCUSDT,Zone Entry,2026-07-08 12:59,2026-07-09 06:59,SELL,61933.9,62854.1,59173.30000000001,B,Europe,LOSS,-1.0
BTCUSDT,Zone Entry,2026-07-13 17:59,2026-07-14 00:59,SELL,61877.0,62596.7,59717.90000000001,A,US,LOSS,-1.0
BTCUSDT,Zone Entry,2026-07-22 12:59,2026-07-22 16:59,SELL,65604.2,66349.2,63369.2,B,Europe,LOSS,-1.0
BTCUSDT,Zone Entry,2026-07-27 17:59,2026-07-27 22:59,BUY,64994.3,64517.2,66425.60000000002,B,US,LOSS,-1.0
BTCUSDT,Zone Entry,2026-07-29 07:59,2026-07-29 14:59,BUY,64539.0,64045.3,66020.09999999999,A,Asia,LOSS,-1.0
BTCUSDT,Zone Entry,2026-07-31 08:59,2026-07-31 14:59,SELL,63801.9,64208.4,62582.4,A,Europe,WIN,3.0
BTCUSDT,Zone Entry,2026-08-02 11:59,2026-08-02 18:59,SELL,63007.3,63468.0,61625.20000000001,B,Europe,LOSS,-1.0
BTCUSDT,Zone Entry,2026-08-12 11:59,2026-08-12 14:59,BUY,64207.3,63770.0,65519.20000000001,A,Europe,LOSS,-1.0
BTCUSDT,Zone Entry,2026-08-14 07:59,2026-08-16 16:59,SELL,62888.1,63357.8,61478.999999999985,B,Asia,LOSS,-1.0
BTCUSDT,Zone Entry,2026-09-15 04:59,2026-09-18 13:59,SELL,77537.0,79065.5,72951.5,A,Asia,LOSS,-1.0
BTCUSDT,Zone Entry,2026-09-21 12:59,2026-09-23 14:59,BUY,85277.7,84400.2,87910.2,A,Europe,LOSS,-1.0
BTCUSDT,Zone Entry,2026-09-29 11:59,2026-09-29 15:59,BUY,84310.8,83398.7,87047.10000000002,B,Europe,LOSS,-1.0
BTCUSDT,Momentum Continuation,2025-12-07 17:59,2025-12-07 21:59,BUY,90904.2,89995.158,93631.326,B,US,LOSS,-1.0
BTCUSDT,Momentum Continuation,2026-02-03 18:59,2026-02-03 19:59,SELL,73111.7,73842.817,70918.349,A+,US,LOSS,-1.0
BTCUSDT,Momentum Continuation,2026-02-04 15:59,2026-02-04 22:59,SELL,74107.0,74848.07,71883.79,B,Europe,WIN,3.0
BTCUSDT,Momentum Continuation,2026-02-12 16:59,2026-02-13 00:59,SELL,65825.7,66483.957,63850.929,A,US,LOSS,-1.0
BTCUSDT,Momentum Continuation,2026-02-12 17:59,2026-02-12 19:59,SELL,65383.9,66037.739,63422.383,A+,US,LOSS,-1.0
BTCUSDT,Momentum Continuation,2026-02-25 16:59,2026-02-25 23:59,BUY,68249.9,67567.401,70297.397,A+,US,LOSS,-1.0
BTCUSDT,Momentum Continuation,2026-02-25 17:59,2026-02-25 23:59,BUY,68625.6,67939.34400000001,70684.368,B,US,LOSS,-1.0
BTCUSDT,Momentum Continuation,2026-02-25 18:59,2026-02-25 20:59,BUY,69293.3,68600.367,71372.099,A,US,LOSS,-1.0
BTCUSDT,Momentum Continuation,2026-04-17 14:59,2026-04-17 17:59,BUY,77825.1,77046.849,80159.853,A,Europe,LOSS,-1.0
BTCUSDT,Momentum Continuation,2026-05-04 03:59,2026-05-04 06:59,BUY,80278.7,79475.913,82687.061,B,Asia,LOSS,-1.0
BTCUSDT,Momentum Continuation,2026-06-04 01:59,2026-06-04 02:59,SELL,62140.3,62761.703,60276.091,A+,Asia,LOSS,-1.0
BTCUSDT,Momentum Continuation,2026-06-14 23:59,2026-06-17 08:59,BUY,65702.1,65045.079000000005,67673.16300000002,A,US,LOSS,-1.0
BTCUSDT,Momentum Continuation,2026-06-22 13:59,2026-06-22 14:59,BUY,65548.0,64892.52,67514.44,A+,Europe,LOSS,-1.0
BTCUSDT,Momentum Continuation,2026-09-03 14:59,2026-09-04 12:59,BUY,80508.4,79703.31599999999,82923.652,A+,Europe,LOSS,-1.0
BTCUSDT,Momentum Continuation,2026-09-03 15:59,2026-09-04 08:59,BUY,81316.7,80503.533,83756.201,A+,Europe,LOSS,-1.0
BTCUSDT,Mean Reversion,2025-10-07 19:59,2025-10-08 17:59,BUY,121593.6,120377.664,123849.60200000003,A+,US,WIN,1.855
BTCUSDT,Mean Reversion,2025-10-13 03:59,2025-10-14 05:59,SELL,114773.6,115921.33600000001,112307.76800000003,A,Asia,WIN,2.148
BTCUSDT,Mean Reversion,2025-10-14 15:59,2025-10-14 17:59,BUY,112823.0,111694.77,113935.38800000008,B,Europe,LOSS,-1.0
BTCUSDT,Mean Reversion,2025-10-30 02:59,2025-10-30 04:59,BUY,110925.8,109816.542,112994.72800000005,A,Asia,LOSS,-1.0
BTCUSDT,Mean Reversion,2025-11-03 14:59,2025-11-03 15:59,BUY,108016.5,106936.33499999999,109578.00600000005,B,Europe,LOSS,-1.0
BTCUSDT,Mean Reversion,2025-11-11 15:59,2025-11-11 16:59,SELL,103417.2,104451.372,105323.108,B,Europe,WIN,1.843
BTCUSDT,Mean Reversion,2025-11-12 08:59,2025-11-12 09:59,BUY,104100.0,103059.0,104718.95600000002,B,Europe,WIN,0.595
BTCUSDT,Mean Reversion,2025-11-24 17:59,2025-11-24 18:59,BUY,88314.9,87431.75099999999,86310.68600000003,A+,US,WIN,2.269
BTCUSDT,Mean Reversion,2025-12-01 00:59,2025-12-01 01:59,SELL,86970.7,87840.40699999999,90839.91800000008,A,Asia,WIN,4.449
BTCUSDT,Mean Reversion,2025-12-05 16:59,2025-12-05 17:59,SELL,88757.5,89645.075,92358.3700000001,A+,US,WIN,4.057
BTCUSDT,Mean Reversion,2025-12-09 20:59,2025-12-10 20:59,SELL,93075.2,94005.952,91036.43200000003,A+,US,LOSS,-1.0
BTCUSDT,Mean Reversion,2025-12-11 20:59,2025-12-11 21:59,BUY,91740.9,90823.491,91542.266,A+,US,WIN,0.217
BTCUSDT,Mean Reversion,2025-12-13 21:59,2025-12-14 11:59,BUY,90137.8,89236.422,91006.23000000007,A+,US,LOSS,-1.0
BTCUSDT,Mean Reversion,2025-12-22 16:59,2025-12-22 19:59,SELL,89508.4,90403.484,88603.65399999997,A+,US,WIN,1.011
BTCUSDT,Mean Reversion,2025-12-29 06:59,2025-12-29 09:59,SELL,89740.7,90638.107,87881.50000000004,A,Asia,WIN,2.072
BTCUSDT,Mean Reversion,2026-01-02 12:59,2026-01-02 16:59,SELL,89360.1,90253.701,88254.11600000007,B,Europe,LOSS,-1.0
BTCUSDT,Mean Reversion,2026-01-02 18:59,2026-01-03 21:59,SELL,89735.3,90632.653,88413.57600000006,A+,US,LOSS,-1.0
BTCUSDT,Mean Reversion,2026-01-08 15:59,2026-01-09 08:59,BUY,90730.0,89822.7,91642.12000000004,B,Europe,LOSS,-1.0
BTCUSDT,Mean Reversion,2026-01-19 05:59,2026-01-19 06:59,SELL,92471.4,93396.114,94855.24600000007,A,Asia,WIN,2.578
BTCUSDT,Mean Reversion,2026-01-21 14:59,2026-01-21 16:59,BUY,89755.7,88858.143,90779.06400000006,B,Europe,LOSS,-1.0
BTCUSDT,Mean Reversion,2026-01-27 01:59,2026-01-27 02:59,BUY,88523.6,87638.364,87998.528,A,Asia,WIN,0.593
BTCUSDT,Mean Reversion,2026-01-28 14:59,2026-01-28 17:59,SELL,89578.1,90473.88100000001,88582.01399999998,B,Europe,LOSS,-1.0
BTCUSDT,Mean Reversion,2026-02-02 09:59,2026-02-02 14:59,BUY,77666.0,76889.34,78583.95200000003,B,Europe,WIN,1.182
BTCUSDT,Mean Reversion,2026-02-06 09:59,2026-02-06 16:59,BUY,65757.9,65100.320999999996,69796.98400000003,B,Europe,WIN,6.142
BTCUSDT,Mean Reversion,2026-02-11 13:59,2026-02-11 14:59,BUY,67424.2,66749.958,68898.08800000002,B,Europe,LOSS,-1.0
BTCUSDT,Mean Reversion,2026-02-15 12:59,2026-02-15 13:59,SELL,69284.9,69977.749,69362.79600000005,B,Europe,WIN,0.112
BTCUSDT,Mean Reversion,2026-02-25 01:59,2026-02-25 02:59,BUY,65860.4,65201.795999999995,64543.35,A,Asia,WIN,2.0
BTCUSDT,Mean Reversion,2026-02-28 18:59,2026-02-28 19:59,BUY,65873.0,65214.27,65970.12400000003,A+,US,WIN,0.147
BTCUSDT,Mean Reversion,2026-03-02 18:59,2026-03-03 09:59,SELL,68853.8,69542.338,66666.54400000004,A+,US,WIN,3.177
BTCUSDT,Mean Reversion,2026-03-04 11:59,2026-03-04 14:59,SELL,71082.4,71793.224,68264.53000000003,B,Europe,LOSS,-1.0
BTCUSDT,Mean Reversion,2026-03-10 13:59,2026-03-10 14:59,SELL,69883.7,70582.537,68323.75800000003,B,Europe,LOSS,-1.0
BTCUSDT,Mean Reversion,2026-03-10 18:59,2026-03-11 13:59,SELL,69975.2,70674.952,68703.11400000003,A+,US,LOSS,-1.0
BTCUSDT,Mean Reversion,2026-03-18 12:59,2026-03-18 13:59,SELL,72325.1,73048.35100000001,74090.10600000003,B,Europe,WIN,2.44
BTCUSDT,Mean Reversion,2026-03-22 02:59,2026-03-22 08:59,BUY,69237.6,68545.224,70319.13000000003,A,Asia,LOSS,-1.0
BTCUSDT,Mean Reversion,2026-03-23 12:59,2026-03-23 13:59,BUY,70710.0,70002.9,69078.57600000004,B,Europe,WIN,2.307
BTCUSDT,Mean Reversion,2026-04-02 14:59,2026-04-05 15:59,BUY,66822.4,66154.17599999999,67693.67800000006,B,Europe,WIN,1.304
BTCUSDT,Mean Reversion,2026-04-06 01:59,2026-04-06 09:59,SELL,68782.9,69470.72899999999,67228.84400000006,A,Asia,LOSS,-1.0
BTCUSDT,Mean Reversion,2026-04-08 14:59,2026-04-08 16:59,SELL,70888.0,71596.88,69817.11200000005,B,Europe,LOSS,-1.0
BTCUSDT,Mean Reversion,2026-04-13 06:59,2026-04-13 14:59,BUY,70989.6,70279.704,71909.53200000006,A,Asia,WIN,1.296
BTCUSDT,Mean Reversion,2026-04-18 03:59,2026-04-18 16:59,SELL,76964.3,77733.943,75593.26200000005,A,Asia,WIN,1.781
BTCUSDT,Mean Reversion,2026-04-18 10:59,2026-04-18 11:59,SELL,76150.0,76911.5,75867.18600000005,B,Europe,WIN,0.371
BTCUSDT,Mean Reversion,2026-04-19 11:59,2026-04-19 17:59,BUY,75557.4,74801.82599999999,76315.11400000007,B,Europe,LOSS,-1.0
BTCUSDT,Mean Reversion,2026-04-20 09:59,2026-04-20 10:59,BUY,75028.8,74278.512,75318.71200000006,B,Europe,WIN,0.386
BTCUSDT,Mean Reversion,2026-04-24 22:59,2026-04-24 23:59,SELL,77294.5,78067.445,77899.36800000006,A+,US,WIN,0.783
BTCUSDT,Mean Reversion,2026-04-28 20:59,2026-04-29 04:59,BUY,76420.0,75655.8,77261.38200000007,A+,US,WIN,1.101
BTCUSDT,Mean Reversion,2026-05-18 02:59,2026-05-18 03:59,SELL,76809.4,77577.49399999999,78149.17000000007,A,Asia,WIN,1.744
BTCUSDT,Mean Reversion,2026-05-18 17:59,2026-05-20 12:59,BUY,76671.1,75904.38900000001,77669.79400000005,A+,US,WIN,1.303
BTCUSDT,Mean Reversion,2026-05-25 11:59,2026-05-26 00:59,SELL,77318.2,78091.382,76602.78400000004,B,Europe,WIN,0.925
BTCUSDT,Mean Reversion,2026-05-27 06:59,2026-05-27 13:59,BUY,75800.0,75042.0,76772.24600000006,A,Asia,LOSS,-1.0
BTCUSDT,Mean Reversion,2026-05-27 15:59,2026-05-27 21:59,BUY,75300.0,74547.0,76446.13000000006,B,Europe,LOSS,-1.0
BTCUSDT,Mean Reversion,2026-05-27 19:59,2026-05-27 22:59,BUY,75039.9,74289.50099999999,76239.54400000005,A+,US,LOSS,-1.0
BTCUSDT,Mean Reversion,2026-06-05 16:59,2026-06-05 17:59,BUY,61358.1,60744.519,63443.324000000066,A+,US,LOSS,-1.0
BTCUSDT,Mean Reversion,2026-06-14 02:59,2026-06-14 17:59,SELL,64450.0,65094.5,63787.382000000056,A,Asia,WIN,1.028
BTCUSDT,Mean Reversion,2026-06-18 06:59,2026-06-18 15:59,BUY,64054.9,63414.351,65402.84200000003,A,Asia,LOSS,-1.0
BTCUSDT,Mean Reversion,2026-06-18 19:59,2026-06-19 03:59,BUY,62925.4,62296.146,64716.29400000002,A+,US,LOSS,-1.0
BTCUSDT,Mean Reversion,2026-06-21 07:59,2026-06-21 21:59,SELL,64170.1,64811.801,63535.81800000003,A,Asia,WIN,0.988
BTCUSDT,Mean Reversion,2026-07-03 08:59,2026-07-03 13:59,SELL,61553.5,62169.035,60662.27800000002,B,Europe,LOSS,-1.0
BTCUSDT,Mean Reversion,2026-07-06 12:59,2026-07-06 13:59,SELL,61733.6,62350.936,62911.512000000046,B,Europe,WIN,1.908
BTCUSDT,Mean Reversion,2026-07-08 16:59,2026-07-09 07:59,BUY,62086.4,61465.536,63182.58600000004,A+,US,WIN,1.766
BTCUSDT,Mean Reversion,2026-07-10 17:59,2026-07-11 14:59,SELL,63804.0,64442.04,63125.01600000004,A+,US,LOSS,-1.0
BTCUSDT,Mean Reversion,2026-07-13 07:59,2026-07-13 13:59,BUY,62952.7,62323.172999999995,63921.51200000004,A,Asia,LOSS,-1.0
BTCUSDT,Mean Reversion,2026-07-15 02:59,2026-07-15 06:59,SELL,64473.0,65117.73,63185.22600000006,A,Asia,LOSS,-1.0
BTCUSDT,Mean Reversion,2026-07-17 10:59,2026-07-17 13:59,BUY,63146.9,62515.431000000004,64267.118000000046,B,Europe,LOSS,-1.0
BTCUSDT,Mean Reversion,2026-07-20 05:59,2026-07-20 06:59,SELL,64101.7,64742.717,64445.87800000007,A,Asia,WIN,0.537
BTCUSDT,Mean Reversion,2026-07-22 05:59,2026-07-22 12:59,SELL,65954.5,66614.045,65614.32200000004,A,Asia,WIN,0.516
BTCUSDT,Mean Reversion,2026-07-24 18:59,2026-07-26 22:59,BUY,64242.8,63600.372,65216.78800000003,A+,US,WIN,1.516
BTCUSDT,Mean Reversion,2026-07-26 20:59,2026-07-26 22:59,SELL,64621.3,65267.513000000006,64301.75600000005,A+,US,LOSS,-1.0
BTCUSDT,Mean Reversion,2026-07-27 00:59,2026-07-27 15:59,SELL,65106.0,65757.06,64383.82600000005,A,Asia,WIN,1.109
BTCUSDT,Mean Reversion,2026-07-27 11:59,2026-07-27 14:59,SELL,65073.1,65723.831,64652.58400000006,B,Europe,WIN,0.646
BTCUSDT,Mean Reversion,2026-07-31 16:59,2026-08-04 04:59,BUY,62849.4,62220.906,64156.26600000004,A+,US,WIN,2.079
BTCUSDT,Mean Reversion,2026-08-11 00:59,2026-08-11 18:59,BUY,64006.1,63366.039,64785.52000000005,A,Asia,LOSS,-1.0
BTCUSDT,Mean Reversion,2026-08-25 07:59,2026-08-25 13:59,SELL,79661.5,80458.115,78104.54400000004,A,Asia,WIN,1.954
BTCUSDT,Mean Reversion,2026-08-28 22:59,2026-08-30 16:59,BUY,77723.8,76946.562,79261.80800000002,A+,US,WIN,1.979
BTCUSDT,Mean Reversion,2026-09-24 08:59,2026-09-24 09:59,SELL,83615.1,84451.251,85409.75999999995,B,Europe,WIN,2.146
BTCUSDT,Mean Reversion,2026-09-24 13:59,2026-09-24 14:59,BUY,84216.9,83374.731,85178.01199999996,B,Europe,LOSS,-1.0
BTCUSDT,Mean Reversion,2026-09-28 12:59,2026-09-28 14:59,BUY,83546.5,82711.035,84096.03800000003,B,Europe,LOSS,-1.0
ETHUSDT,Zone Entry,2025-10-09 16:59,2025-10-10 20:59,SELL,4275.42,4402.0,3895.6800000000003,B,US,WIN,3.0
ETHUSDT,Zone Entry,2025-10-13 20:59,2025-10-14 03:59,BUY,4285.03,4163.52,4649.559999999998,B,US,LOSS,-1.0
ETHUSDT,Zone Entry,2025-10-16 19:59,2025-10-19 13:59,SELL,3865.97,3962.8,3575.4799999999987,A,US,LOSS,-1.0
ETHUSDT,Zone Entry,2025-10-21 23:59,2025-10-24 04:59,SELL,3871.11,3943.7,3653.340000000001,A,US,LOSS,-1.0
ETHUSDT,Zone Entry,2025-10-27 16:59,2025-10-27 20:59,BUY,4212.0,4147.75,4404.75,A,US,LOSS,-1.0
ETHUSDT,Zone Entry,2025-10-30 19:59,2025-10-30 21:59,SELL,3685.25,3769.66,3432.0200000000004,A,US,LOSS,-1.0
ETHUSDT,Zone Entry,2025-11-11 20:59,2025-11-12 10:59,SELL,3437.4,3528.26,3164.8199999999997,B,US,LOSS,-1.0
ETHUSDT,Zone Entry,2025-12-11 14:59,2025-12-11 21:59,SELL,3158.16,3253.33,2872.6499999999996,A,Europe,LOSS,-1.0
ETHUSDT,Zone Entry,2025-12-19 03:59,2026-01-06 14:59,BUY,2907.56,2780.09,3289.9699999999993,B,Asia,WIN,3.0
ETHUSDT,Zone Entry,2026-01-20 04:59,2026-01-20 14:59,SELL,3171.78,3211.48,3052.6800000000007,B,Asia,WIN,3.0
ETHUSDT,Zone Entry,2026-02-04 14:59,2026-02-05 15:59,SELL,2170.61,2243.1,1953.1400000000008,B,Europe,WIN,3.0
ETHUSDT,Zone Entry,2026-02-06 08:59,2026-02-06 14:59,SELL,1873.78,1997.33,1503.13,B,Europe,LOSS,-1.0
ETHUSDT,Zone Entry,2026-02-10 11:59,2026-02-13 16:59,SELL,2001.87,2051.7,1852.38,B,Europe,LOSS,-1.0
ETHUSDT,Zone Entry,2026-02-18 11:59,2026-02-23 01:59,SELL,1980.19,2015.65,1873.81,A,Europe,WIN,3.0
ETHUSDT,Zone Entry,2026-02-23 16:59,2026-02-25 13:59,SELL,1884.2,1957.0,1665.8000000000002,A,US,LOSS,-1.0
ETHUSDT,Zone Entry,2026-03-11 05:59,2026-03-11 13:59,SELL,2013.26,2070.7,1840.9400000000005,A,Asia,LOSS,-1.0
ETHUSDT,Zone Entry,2026-03-25 04:59,2026-03-26 05:59,BUY,2165.22,2115.96,2312.999999999999,B,Asia,LOSS,-1.0
ETHUSDT,Zone Entry,2026-03-26 09:59,2026-04-01 06:59,SELL,2081.29,2148.44,1879.8399999999997,A,Europe,LOSS,-1.0
ETHUSDT,Zone Entry,2026-04-23 07:59,2026-04-27 01:59,SELL,2342.81,2398.96,2174.3599999999997,A,Asia,LOSS,-1.0
ETHUSDT,Zone Entry,2026-05-13 09:59,2026-05-13 11:59,BUY,2320.19,2300.12,2380.4000000000005,A,Europe,LOSS,-1.0
ETHUSDT,Zone Entry,2026-05-13 11:59,2026-05-13 15:59,SELL,2300.74,2320.2,2242.3599999999997,A,Europe,WIN,3.0
ETHUSDT,Zone Entry,2026-06-03 19:59,2026-06-05 06:59,SELL,1802.41,1857.95,1635.7900000000002,A,US,WIN,3.0
ETHUSDT,Zone Entry,2026-06-30 08:59,2026-07-01 14:59,SELL,1583.27,1612.12,1496.7200000000003,A,Europe,LOSS,-1.0
ETHUSDT,Zone Entry,2026-07-07 03:59,2026-07-07 12:59,SELL,1770.7,1791.81,1707.3700000000003,A,Asia,LOSS,-1.0
ETHUSDT,Zone Entry,2026-07-08 08:59,2026-07-10 04:59,SELL,1734.76,1779.72,1599.8799999999999,B,Europe,LOSS,-1.0
ETHUSDT,Zone Entry,2026-07-12 03:59,2026-07-12 06:59,BUY,1810.83,1788.23,1878.6299999999997,A,Asia,LOSS,-1.0
ETHUSDT,Zone Entry,2026-07-13 10:59,2026-07-14 12:59,SELL,1778.75,1806.12,1696.6400000000003,B,Europe,LOSS,-1.0
ETHUSDT,Zone Entry,2026-07-20 05:59,2026-07-20 11:59,SELL,1854.51,1878.88,1781.3999999999996,A,Asia,LOSS,-1.0
ETHUSDT,Zone Entry,2026-07-21 12:59,2026-07-21 17:59,BUY,1941.75,1916.45,2017.6499999999999,B,Europe,LOSS,-1.0
ETHUSDT,Zone Entry,2026-08-03 02:59,2026-08-05 12:59,SELL,1863.41,1884.38,1800.5,A,Asia,LOSS,-1.0
ETHUSDT,Zone Entry,2026-08-03 11:59,2026-08-03 13:59,SELL,1838.97,1858.87,1779.2700000000004,B,Europe,LOSS,-1.0
ETHUSDT,Zone Entry,2026-08-10 06:59,2026-08-10 11:59,BUY,1927.23,1914.68,1964.8799999999999,A,Asia,LOSS,-1.0
ETHUSDT,Zone Entry,2026-08-18 02:59,2026-08-18 14:59,SELL,1892.13,1909.4,1840.3200000000002,A,Asia,LOSS,-1.0
ETHUSDT,Zone Entry,2026-08-20 16:59,2026-08-21 22:59,BUY,2343.94,2280.13,2535.37,B,US,WIN,3.0
ETHUSDT,Zone Entry,2026-09-01 05:59,2026-09-01 12:59,BUY,2483.51,2439.54,2615.420000000001,B,Asia,LOSS,-1.0
ETHUSDT,Zone Entry,2026-09-02 09:59,2026-09-02 13:59,SELL,2375.43,2416.65,2251.769999999999,A,Europe,LOSS,-1.0
ETHUSDT,Zone Entry,2026-09-03 13:59,2026-09-03 15:59,BUY,2428.75,2406.12,2496.6400000000003,B,Europe,WIN,3.0
ETHUSDT,Zone Entry,2026-09-29 11:59,2026-09-29 15:59,BUY,2731.13,2675.39,2898.350000000001,A,Europe,LOSS,-1.0
ETHUSDT,Momentum Continuation,2025-12-07 17:59,2025-12-07 21:59,BUY,3111.6,3080.484,3204.948,B,US,LOSS,-1.0
ETHUSDT,Momentum Continuation,2026-02-03 18:59,2026-02-03 19:59,SELL,2119.08,2140.2708,2055.5076,A,US,LOSS,-1.0
ETHUSDT,Momentum Continuation,2026-05-14 16:59,2026-05-14 20:59,BUY,2315.14,2291.9885999999997,2384.5942,A,US,LOSS,-1.0
ETHUSDT,Momentum Continuation,2026-06-24 17:59,2026-06-24 18:59,SELL,1559.3,1574.893,1512.521,A,US,LOSS,-1.0
ETHUSDT,Mean Reversion,2025-10-08 09:59,2025-10-08 13:59,BUY,4482.47,4437.6453,4592.585000000001,B,Europe,LOSS,-1.0
ETHUSDT,Mean Reversion,2025-10-12 19:59,2025-10-12 20:59,BUY,4133.11,4091.7789,3843.7295999999997,A+,US,WIN,7.002
ETHUSDT,Mean Reversion,2025-10-16 21:59,2025-10-17 06:59,BUY,3881.61,3842.7939,4028.302199999998,A+,US,LOSS,-1.0
ETHUSDT,Mean Reversion,2025-10-17 17:59,2025-10-18 07:59,BUY,3815.65,3777.4935,3916.8725999999997,A+,US,WIN,2.653
ETHUSDT,Mean Reversion,2025-10-20 10:59,2025-10-20 16:59,SELL,4024.31,4064.5531,3938.391600000002,B,Europe,WIN,2.135
ETHUSDT,Mean Reversion,2025-10-21 11:59,2025-10-21 14:59,BUY,3888.33,3849.4467,3970.987400000002,B,Europe,WIN,2.126
ETHUSDT,Mean Reversion,2025-10-22 23:59,2025-10-23 06:59,BUY,3803.93,3765.8907,3884.372000000003,A+,US,WIN,2.115
ETHUSDT,Mean Reversion,2025-10-24 07:59,2025-10-24 12:59,SELL,3947.64,3987.1164,3855.2778000000017,A,Asia,LOSS,-1.0
ETHUSDT,Mean Reversion,2025-10-28 19:59,2025-10-28 20:59,SELL,4037.26,4077.6326000000004,4140.931,A+,US,WIN,2.568
ETHUSDT,Mean Reversion,2025-10-28 22:59,2025-10-29 15:59,BUY,3992.96,3953.0304,4135.9854,A+,US,LOSS,-1.0
ETHUSDT,Mean Reversion,2025-10-29 17:59,2025-10-29 18:59,BUY,4012.63,3972.5037,4067.9596,A+,US,LOSS,-1.0
ETHUSDT,Mean Reversion,2025-11-10 14:59,2025-11-10 20:59,SELL,3540.0,3575.4,3492.536800000001,B,Europe,LOSS,-1.0
ETHUSDT,Mean Reversion,2025-11-12 01:59,2025-11-12 11:59,BUY,3445.82,3411.3618,3548.562000000003,A,Asia,WIN,2.982
ETHUSDT,Mean Reversion,2025-11-23 03:59,2025-11-23 04:59,BUY,2823.02,2794.7898,2753.165400000001,A,Asia,WIN,2.474
ETHUSDT,Mean Reversion,2025-11-25 01:59,2025-11-25 17:59,SELL,2917.98,2947.1598,2842.9207999999994,A,Asia,LOSS,-1.0
ETHUSDT,Mean Reversion,2025-12-02 20:59,2025-12-02 22:59,SELL,2978.68,3008.4667999999997,2852.8345999999997,A+,US,LOSS,-1.0
ETHUSDT,Mean Reversion,2025-12-06 02:59,2025-12-07 14:59,BUY,3027.91,2997.6308999999997,3130.538400000002,A,Asia,LOSS,-1.0
ETHUSDT,Mean Reversion,2025-12-09 21:59,2025-12-09 22:59,SELL,3300.57,3333.5757000000003,3146.593200000001,A+,US,LOSS,-1.0
ETHUSDT,Mean Reversion,2025-12-12 22:59,2025-12-14 11:59,BUY,3091.91,3060.9909,3203.3364000000015,A+,US,LOSS,-1.0
ETHUSDT,Mean Reversion,2025-12-29 09:59,2025-12-29 12:59,SELL,2975.35,3005.1034999999997,2951.110200000001,B,Europe,WIN,0.815
ETHUSDT,Mean Reversion,2026-01-05 05:59,2026-01-05 11:59,SELL,3148.0,3179.48,3131.2,A,Asia,LOSS,-1.0
ETHUSDT,Mean Reversion,2026-01-06 17:59,2026-01-06 18:59,SELL,3194.48,3226.4248000000002,3195.0705999999986,A+,US,LOSS,-1.0
ETHUSDT,Mean Reversion,2026-01-08 15:59,2026-01-09 08:59,BUY,3102.89,3071.8610999999996,3188.6792000000005,B,Europe,LOSS,-1.0
ETHUSDT,Mean Reversion,2026-01-14 10:59,2026-01-14 14:59,SELL,3312.12,3345.2412,3183.4224000000004,B,Europe,LOSS,-1.0
ETHUSDT,Mean Reversion,2026-01-19 16:59,2026-01-19 22:59,BUY,3221.65,3189.4335,3283.1286,A+,US,LOSS,-1.0
ETHUSDT,Mean Reversion,2026-01-26 18:59,2026-01-26 19:59,BUY,2931.0,2901.69,2907.1063999999988,A+,US,WIN,0.815
ETHUSDT,Mean Reversion,2026-01-28 14:59,2026-01-29 02:59,SELL,3011.6,3041.716,2960.7514,B,Europe,WIN,1.688
ETHUSDT,Mean Reversion,2026-02-04 19:59,2026-02-04 20:59,BUY,2187.77,2165.8923,2267.1810000000014,A+,US,LOSS,-1.0
ETHUSDT,Mean Reversion,2026-02-11 13:59,2026-02-11 14:59,BUY,1959.43,1939.8357,2029.4368000000002,B,Europe,LOSS,-1.0
ETHUSDT,Mean Reversion,2026-02-15 22:59,2026-02-15 23:59,BUY,1969.41,1949.7159000000001,2050.7273999999998,A+,US,LOSS,-1.0
ETHUSDT,Mean Reversion,2026-02-25 01:59,2026-02-25 02:59,BUY,1917.35,1898.1764999999998,1861.2734,A,Asia,WIN,2.925
ETHUSDT,Mean Reversion,2026-03-01 01:59,2026-03-01 02:59,BUY,2011.62,1991.5038,1943.7460000000005,A,Asia,WIN,3.374
ETHUSDT,Mean Reversion,2026-03-05 01:59,2026-03-05 04:59,SELL,2112.63,2133.7563,2027.6810000000007,A,Asia,LOSS,-1.0
ETHUSDT,Mean Reversion,2026-03-09 05:59,2026-03-09 06:59,BUY,2009.86,1989.7613999999999,1962.1335999999997,A,Asia,LOSS,-1.0
ETHUSDT,Mean Reversion,2026-03-10 12:59,2026-03-10 14:59,SELL,2048.99,2069.4799,1996.2428000000002,B,Europe,LOSS,-1.0
ETHUSDT,Mean Reversion,2026-03-19 08:59,2026-03-19 09:59,SELL,2159.64,2181.2364,2268.1478000000006,B,Europe,LOSS,-1.0
ETHUSDT,Mean Reversion,2026-03-22 02:59,2026-03-22 08:59,BUY,2101.15,2080.1385,2142.052400000001,A,Asia,LOSS,-1.0
ETHUSDT,Mean Reversion,2026-03-23 12:59,2026-03-23 13:59,BUY,2143.0,2121.57,2094.075400000001,B,Europe,WIN,2.283
ETHUSDT,Mean Reversion,2026-03-31 16:59,2026-03-31 17:59,BUY,2090.41,2069.5058999999997,2038.3014000000005,A+,US,WIN,2.493
ETHUSDT,Mean Reversion,2026-04-02 14:59,2026-04-03 02:59,BUY,2062.6,2041.974,2097.953200000001,B,Europe,LOSS,-1.0
ETHUSDT,Mean Reversion,2026-04-06 22:59,2026-04-06 23:59,SELL,2103.9,2124.9390000000003,2092.9501999999998,A+,US,WIN,0.52
ETHUSDT,Mean Reversion,2026-04-08 14:59,2026-04-08 15:59,SELL,2194.73,2216.6773,2155.6009999999997,B,Europe,LOSS,-1.0
ETHUSDT,Mean Reversion,2026-04-12 01:59,2026-04-12 02:59,SELL,2217.93,2240.1093,2236.7765999999997,A,Asia,WIN,0.85
ETHUSDT,Mean Reversion,2026-04-12 17:59,2026-04-13 08:59,BUY,2201.99,2179.9700999999995,2237.7029999999995,A+,US,LOSS,-1.0
ETHUSDT,Mean Reversion,2026-04-14 16:59,2026-04-15 17:59,SELL,2332.77,2356.0977,2267.0938000000015,A+,US,LOSS,-1.0
ETHUSDT,Mean Reversion,2026-04-17 23:59,2026-04-18 10:59,SELL,2417.66,2441.8366,2361.556200000002,A+,US,WIN,2.321
ETHUSDT,Mean Reversion,2026-04-20 09:59,2026-04-20 13:59,BUY,2307.78,2284.7022,2322.738000000001,B,Europe,WIN,0.648
ETHUSDT,Mean Reversion,2026-04-27 05:59,2026-04-27 06:59,SELL,2321.55,2344.7655000000004,2333.0162000000005,A,Asia,WIN,0.494
ETHUSDT,Mean Reversion,2026-04-27 19:59,2026-04-28 13:59,BUY,2287.76,2264.8824000000004,2330.308600000001,A+,US,LOSS,-1.0
ETHUSDT,Mean Reversion,2026-04-28 18:59,2026-04-29 03:59,BUY,2295.91,2272.9509,2312.8592000000003,A+,US,WIN,0.738
ETHUSDT,Mean Reversion,2026-05-03 01:59,2026-05-03 04:59,SELL,2302.67,2325.6967,2297.8202,A,Asia,WIN,0.211
ETHUSDT,Mean Reversion,2026-05-04 05:59,2026-05-04 10:59,SELL,2375.23,2398.9823,2319.1641999999997,A,Asia,WIN,2.36
ETHUSDT,Mean Reversion,2026-05-08 21:59,2026-05-08 22:59,BUY,2313.49,2290.3550999999998,2305.3598,A+,US,WIN,0.351
ETHUSDT,Mean Reversion,2026-05-13 03:59,2026-05-13 04:59,BUY,2300.48,2277.4752,2308.501799999999,A,Asia,WIN,0.349
ETHUSDT,Mean Reversion,2026-05-16 01:59,2026-05-16 07:59,BUY,2228.63,2206.3437,2258.0912,A,Asia,LOSS,-1.0
ETHUSDT,Mean Reversion,2026-06-04 12:59,2026-06-04 13:59,BUY,1777.51,1759.7349,1849.2690000000005,B,Europe,LOSS,-1.0
ETHUSDT,Mean Reversion,2026-06-05 04:59,2026-06-05 05:59,BUY,1743.67,1726.2333,1802.1822,A,Asia,LOSS,-1.0
ETHUSDT,Mean Reversion,2026-06-05 09:59,2026-06-05 11:59,BUY,1681.88,1665.0612,1783.4472,B,Europe,LOSS,-1.0
ETHUSDT,Mean Reversion,2026-06-06 23:59,2026-06-07 06:59,BUY,1568.6,1552.914,1612.3746000000008,A+,US,WIN,2.791
ETHUSDT,Mean Reversion,2026-06-10 02:59,2026-06-10 03:59,SELL,1623.31,1639.5430999999999,1668.8426000000002,A,Asia,WIN,2.805
ETHUSDT,Mean Reversion,2026-06-16 23:59,2026-06-17 08:59,SELL,1792.32,1810.2432,1775.885800000001,A+,US,WIN,0.917
ETHUSDT,Mean Reversion,2026-06-18 19:59,2026-06-19 03:59,BUY,1704.79,1687.7421,1756.9900000000011,A+,US,LOSS,-1.0
ETHUSDT,Mean Reversion,2026-07-08 16:59,2026-07-10 01:59,BUY,1735.61,1718.2539,1771.7831999999994,A+,US,WIN,2.084
ETHUSDT,Mean Reversion,2026-07-10 14:59,2026-07-11 05:59,SELL,1784.26,1802.1026,1753.024,B,Europe,LOSS,-1.0
ETHUSDT,Mean Reversion,2026-07-11 23:59,2026-07-12 00:59,SELL,1786.7,1804.567,1792.8588000000009,A+,US,WIN,0.345
ETHUSDT,Mean Reversion,2026-07-17 01:59,2026-07-17 02:59,SELL,1850.22,1868.7222000000002,1894.0556000000006,A,Asia,WIN,2.369
ETHUSDT,Mean Reversion,2026-07-18 21:59,2026-07-18 22:59,BUY,1859.99,1841.3901,1844.4608,A+,US,WIN,0.835
ETHUSDT,Mean Reversion,2026-07-19 09:59,2026-07-20 00:59,SELL,1865.45,1884.1045000000001,1847.7416000000005,B,Europe,LOSS,-1.0
ETHUSDT,Mean Reversion,2026-07-22 05:59,2026-07-22 13:59,SELL,1918.49,1937.6749,1909.2642000000008,A,Asia,LOSS,-1.0
ETHUSDT,Mean Reversion,2026-07-23 20:59,2026-07-24 00:59,BUY,1885.0,1866.15,1920.2703999999994,A+,US,LOSS,-1.0
ETHUSDT,Mean Reversion,2026-07-24 03:59,2026-07-24 13:59,BUY,1879.71,1860.9129,1913.1605999999997,A,Asia,LOSS,-1.0
ETHUSDT,Mean Reversion,2026-07-24 17:59,2026-07-26 14:59,BUY,1865.69,1847.0331,1898.7814,A+,US,WIN,1.774
ETHUSDT,Mean Reversion,2026-07-25 09:59,2026-07-25 18:59,BUY,1857.5,1838.925,1876.3476000000012,B,Europe,WIN,1.015
ETHUSDT,Mean Reversion,2026-07-28 12:59,2026-07-28 13:59,BUY,1891.59,1872.6741,1920.0122000000006,B,Europe,LOSS,-1.0
ETHUSDT,Mean Reversion,2026-07-31 17:59,2026-08-01 18:59,BUY,1874.12,1855.3788,1903.1964000000007,A+,US,LOSS,-1.0
ETHUSDT,Mean Reversion,2026-08-01 01:59,2026-08-01 18:59,BUY,1866.0,1847.34,1897.1808000000005,A,Asia,LOSS,-1.0
ETHUSDT,Mean Reversion,2026-08-01 12:59,2026-08-01 18:59,BUY,1868.35,1849.6664999999998,1888.2662000000005,B,Europe,LOSS,-1.0
ETHUSDT,Mean Reversion,2026-08-01 21:59,2026-08-02 02:59,BUY,1844.9,1826.451,1876.4528,A+,US,WIN,1.71
ETHUSDT,Mean Reversion,2026-08-05 21:59,2026-08-07 12:59,SELL,1907.75,1926.8275,1873.1588000000004,A+,US,LOSS,-1.0
ETHUSDT,Mean Reversion,2026-08-06 09:59,2026-08-07 12:59,SELL,1906.68,1925.7468000000001,1883.9968000000001,B,Europe,LOSS,-1.0
ETHUSDT,Mean Reversion,2026-08-11 03:59,2026-08-11 15:59,BUY,1880.14,1861.3386,1906.5711999999999,A,Asia,LOSS,-1.0
ETHUSDT,Mean Reversion,2026-08-11 19:59,2026-08-12 08:59,BUY,1881.17,1862.3583,1893.1015999999995,A+,US,WIN,0.634
ETHUSDT,Mean Reversion,2026-09-02 11:59,2026-09-03 14:59,BUY,2380.58,2356.7742,2440.5314000000003,B,Europe,WIN,2.518
ETHUSDT,Mean Reversion,2026-09-06 19:59,2026-09-06 21:59,SELL,2489.64,2514.5364,2474.2962000000007,A+,US,LOSS,-1.0
ETHUSDT,Mean Reversion,2026-09-11 15:59,2026-09-13 09:59,SELL,2558.01,2583.5901000000003,2472.1603999999993,B,Europe,WIN,3.356
ETHUSDT,Mean Reversion,2026-09-13 16:59,2026-09-13 22:59,BUY,2503.44,2478.4056,2518.9092,A+,US,LOSS,-1.0
ETHUSDT,Mean Reversion,2026-09-15 17:59,2026-09-15 18:59,BUY,2439.91,2415.5108999999998,2498.6052,A+,US,LOSS,-1.0
ETHUSDT,Mean Reversion,2026-09-16 11:59,2026-09-16 13:59,BUY,2421.33,2397.1167,2461.5224,B,Europe,LOSS,-1.0
ETHUSDT,Mean Reversion,2026-09-16 19:59,2026-09-17 01:59,BUY,2407.4,2383.326,2442.9567999999995,A+,US,WIN,1.477
ETHUSDT,Mean Reversion,2026-09-23 15:59,2026-09-23 16:59,SELL,2654.63,2681.1763,2744.9200000000023,B,Europe,WIN,3.401
ETHUSDT,Mean Reversion,2026-09-23 17:59,2026-09-24 09:59,BUY,2667.01,2640.3399000000004,2741.6734000000024,A+,US,LOSS,-1.0
ETHUSDT,Mean Reversion,2026-09-24 13:59,2026-09-24 14:59,BUY,2668.79,2642.1021,2710.669800000002,B,Europe,LOSS,-1.0
LTCUSDT,Zone Entry,2025-11-03 20:59,2025-11-04 01:59,SELL,86.89,88.7,81.46,A,US,LOSS,-1.0
LTCUSDT,Zone Entry,2025-12-15 05:59,2025-12-15 14:59,BUY,81.11,79.37,86.32999999999998,A,Asia,LOSS,-1.0
LTCUSDT,Zone Entry,2025-12-27 14:59,2025-12-28 21:59,BUY,78.6,77.86,80.81999999999998,B,Europe,LOSS,-1.0
LTCUSDT,Zone Entry,2026-01-08 03:59,2026-01-15 03:59,SELL,81.25,83.79,73.62999999999998,A,Asia,WIN,3.0
LTCUSDT,Zone Entry,2026-01-14 22:59,2026-01-19 00:59,SELL,76.59,79.31,68.43,B,US,WIN,3.0
LTCUSDT,Zone Entry,2026-02-05 20:59,2026-02-06 13:59,SELL,50.79,53.39,42.989999999999995,B,US,LOSS,-1.0
LTCUSDT,Zone Entry,2026-02-09 10:59,2026-02-09 15:59,SELL,52.44,54.03,47.66999999999999,A,Europe,LOSS,-1.0
LTCUSDT,Zone Entry,2026-02-15 13:59,2026-02-21 16:59,SELL,54.42,55.89,50.010000000000005,B,Europe,LOSS,-1.0
LTCUSDT,Zone Entry,2026-02-19 08:59,2026-02-20 09:59,SELL,52.78,53.96,49.24,B,Europe,LOSS,-1.0
LTCUSDT,Zone Entry,2026-02-20 05:59,2026-02-23 01:59,BUY,53.41,51.94,57.81999999999999,B,Asia,LOSS,-1.0
LTCUSDT,Zone Entry,2026-03-10 21:59,2026-03-11 13:59,SELL,53.58,54.58,50.58,B,US,LOSS,-1.0
LTCUSDT,Zone Entry,2026-03-26 09:59,2026-04-02 05:59,SELL,54.87,55.85,51.929999999999986,A,Europe,WIN,3.0
LTCUSDT,Zone Entry,2026-04-01 15:59,2026-04-01 23:59,BUY,54.22,53.87,55.27,B,Europe,LOSS,-1.0
LTCUSDT,Zone Entry,2026-04-02 10:59,2026-04-03 01:59,SELL,51.84,52.42,50.10000000000001,A,Europe,LOSS,-1.0
LTCUSDT,Zone Entry,2026-04-07 01:59,2026-04-07 17:59,SELL,53.37,53.81,52.04999999999998,B,Asia,LOSS,-1.0
LTCUSDT,Zone Entry,2026-04-11 05:59,2026-04-11 16:59,SELL,54.48,54.94,53.099999999999994,B,Asia,LOSS,-1.0
LTCUSDT,Zone Entry,2026-04-19 20:59,2026-04-20 07:59,SELL,54.49,55.26,52.180000000000014,B,US,LOSS,-1.0
LTCUSDT,Zone Entry,2026-05-11 10:59,2026-05-17 23:59,SELL,58.48,59.55,55.269999999999996,A,Europe,WIN,3.0
LTCUSDT,Zone Entry,2026-06-18 04:59,2026-06-21 07:59,SELL,44.24,44.85,42.410000000000004,A,Asia,LOSS,-1.0
LTCUSDT,Zone Entry,2026-06-22 18:59,2026-06-23 18:59,SELL,44.71,45.69,41.77000000000001,B,US,WIN,3.0
LTCUSDT,Zone Entry,2026-06-28 11:59,2026-06-28 19:59,BUY,43.28,42.49,45.65,B,Europe,LOSS,-1.0
LTCUSDT,Zone Entry,2026-06-29 18:59,2026-06-30 01:59,BUY,43.27,42.57,45.37000000000001,A,US,LOSS,-1.0
LTCUSDT,Zone Entry,2026-07-04 15:59,2026-07-05 00:59,BUY,45.14,44.34,47.53999999999999,A,Europe,LOSS,-1.0
LTCUSDT,Zone Entry,2026-07-06 16:59,2026-07-07 02:59,BUY,45.14,44.29,47.690000000000005,A,US,LOSS,-1.0
LTCUSDT,Zone Entry,2026-07-07 03:59,2026-07-07 15:59,SELL,44.1,44.68,42.36000000000001,A,Asia,LOSS,-1.0
LTCUSDT,Zone Entry,2026-08-05 01:59,2026-08-05 03:59,BUY,45.22,44.81,46.44999999999999,A,Asia,LOSS,-1.0
LTCUSDT,Zone Entry,2026-08-20 15:59,2026-08-21 08:59,BUY,48.01,47.36,49.959999999999994,B,Europe,WIN,3.0
LTCUSDT,Zone Entry,2026-09-02 18:59,2026-09-05 03:59,BUY,49.69,48.72,52.599999999999994,B,US,WIN,3.0
LTCUSDT,Zone Entry,2026-09-03 04:59,2026-09-05 02:59,BUY,50.34,49.73,52.17000000000002,A,Asia,WIN,3.0
LTCUSDT,Zone Entry,2026-09-05 17:59,2026-09-09 22:59,BUY,54.9,52.94,60.78,A,US,LOSS,-1.0
LTCUSDT,Zone Entry,2026-09-13 15:59,2026-09-13 22:59,BUY,54.46,53.68,56.800000000000004,B,Europe,LOSS,-1.0
LTCUSDT,Zone Entry,2026-09-17 01:59,2026-09-18 06:59,BUY,51.98,50.97,55.00999999999999,A,Asia,WIN,3.0
LTCUSDT,Zone Entry,2026-09-18 01:59,2026-09-18 16:59,BUY,54.51,53.91,56.31,B,Asia,WIN,3.0
LTCUSDT,Zone Entry,2026-10-01 19:59,,BUY,68.1,66.89,71.72999999999998,B,US,OPEN,0.0
LTCUSDT,Momentum Continuation,2026-02-03 18:59,2026-02-03 19:59,SELL,57.0,57.57,55.29,A+,US,LOSS,-1.0
LTCUSDT,Momentum Continuation,2026-02-20 17:59,2026-02-22 00:59,BUY,55.2,54.648,56.856,A+,US,LOSS,-1.0
LTCUSDT,Momentum Continuation,2026-02-22 14:59,2026-02-23 01:59,SELL,53.18,53.7118,51.5846,A,Europe,WIN,3.0
LTCUSDT,Momentum Continuation,2026-02-25 14:59,2026-02-25 21:59,BUY,57.02,56.4498,58.7306,A+,Europe,WIN,3.0
LTCUSDT,Momentum Continuation,2026-02-25 15:59,2026-02-25 22:59,BUY,57.77,57.1923,59.5031,B,Europe,LOSS,-1.0
LTCUSDT,Momentum Continuation,2026-05-07 15:59,2026-05-08 12:59,SELL,56.2,56.762,54.514,B,Europe,LOSS,-1.0
LTCUSDT,Momentum Continuation,2026-05-10 17:59,2026-05-10 20:59,BUY,59.64,59.0436,61.4292,A,US,LOSS,-1.0
LTCUSDT,Momentum Continuation,2026-06-24 17:59,2026-06-24 18:59,SELL,39.43,39.8243,38.247099999999996,A,US,LOSS,-1.0
LTCUSDT,Momentum Continuation,2026-08-20 16:59,2026-08-20 18:59,BUY,48.49,48.0051,49.944700000000005,A+,US,LOSS,-1.0
LTCUSDT,Mean Reversion,2025-10-11 02:59,2025-10-11 03:59,BUY,101.22,100.20779999999999,120.36540000000005,A,Asia,LOSS,-1.0
LTCUSDT,Mean Reversion,2025-10-24 09:59,2025-10-24 12:59,SELL,95.68,96.63680000000001,93.53379999999999,B,Europe,LOSS,-1.0
LTCUSDT,Mean Reversion,2025-10-24 15:59,2025-10-24 19:59,SELL,95.18,96.13180000000001,93.93079999999998,B,Europe,LOSS,-1.0
LTCUSDT,Mean Reversion,2025-10-31 04:59,2025-11-01 06:59,BUY,94.46,93.5154,96.46300000000001,A,Asia,WIN,2.12
LTCUSDT,Mean Reversion,2025-11-05 02:59,2025-11-05 08:59,BUY,86.94,86.0706,88.61160000000004,A,Asia,LOSS,-1.0
LTCUSDT,Mean Reversion,2025-11-09 03:59,2025-11-09 04:59,SELL,100.0,101.0,97.83480000000003,A,Asia,LOSS,-1.0
LTCUSDT,Mean Reversion,2025-11-10 07:59,2025-11-10 09:59,SELL,107.2,108.272,103.87420000000006,A,Asia,LOSS,-1.0
LTCUSDT,Mean Reversion,2025-11-12 13:59,2025-11-12 14:59,BUY,103.83,102.79169999999999,102.75000000000001,B,Europe,LOSS,-1.0
LTCUSDT,Mean Reversion,2025-11-15 14:59,2025-11-16 15:59,SELL,105.14,106.1914,98.88140000000004,B,Europe,WIN,5.953
LTCUSDT,Mean Reversion,2025-11-20 21:59,2025-11-21 02:59,BUY,87.7,86.82300000000001,92.336,A+,US,LOSS,-1.0
LTCUSDT,Mean Reversion,2025-11-27 18:59,2025-11-27 19:59,BUY,87.31,86.43690000000001,85.83220000000007,A+,US,WIN,1.693
LTCUSDT,Mean Reversion,2025-12-05 14:59,2025-12-05 15:59,SELL,81.75,82.5675,84.32680000000006,B,Europe,LOSS,-1.0
LTCUSDT,Mean Reversion,2025-12-09 19:59,2025-12-11 00:59,SELL,86.36,87.2236,83.52619999999992,A+,US,WIN,3.281
LTCUSDT,Mean Reversion,2025-12-11 04:59,2025-12-11 08:59,BUY,81.54,80.72460000000001,84.28899999999996,A,Asia,LOSS,-1.0
LTCUSDT,Mean Reversion,2025-12-11 20:59,2025-12-11 21:59,BUY,82.35,81.5265,83.31859999999993,A+,US,WIN,1.176
LTCUSDT,Mean Reversion,2025-12-28 18:59,2025-12-28 19:59,SELL,78.27,79.0527,78.38280000000002,A+,US,WIN,0.144
LTCUSDT,Mean Reversion,2026-01-16 22:59,2026-01-16 23:59,BUY,75.49,74.73509999999999,73.64700000000008,A+,US,WIN,2.441
LTCUSDT,Mean Reversion,2026-02-06 09:59,2026-02-06 17:59,BUY,51.72,51.202799999999996,55.74980000000007,B,Europe,WIN,7.792
LTCUSDT,Mean Reversion,2026-02-11 11:59,2026-02-11 14:59,BUY,52.1,51.579,53.41960000000005,B,Europe,LOSS,-1.0
LTCUSDT,Mean Reversion,2026-02-19 18:59,2026-02-20 05:59,BUY,52.63,52.1037,53.4814000000001,A+,US,WIN,1.618
LTCUSDT,Mean Reversion,2026-02-21 20:59,2026-02-22 02:59,SELL,55.08,55.6308,54.37520000000009,A+,US,WIN,1.28
LTCUSDT,Mean Reversion,2026-02-22 16:59,2026-02-22 20:59,BUY,53.57,53.0343,54.840600000000094,A+,US,LOSS,-1.0
LTCUSDT,Mean Reversion,2026-02-25 01:59,2026-02-25 02:59,BUY,52.54,52.0146,51.49060000000008,A,Asia,WIN,1.997
LTCUSDT,Mean Reversion,2026-02-27 23:59,2026-02-28 06:59,BUY,54.51,53.9649,55.52140000000008,A+,US,LOSS,-1.0
LTCUSDT,Mean Reversion,2026-03-11 18:59,2026-03-11 19:59,BUY,55.1,54.549,54.10540000000005,A+,US,WIN,1.805
LTCUSDT,Mean Reversion,2026-03-13 14:59,2026-03-14 06:59,SELL,55.63,56.1863,54.774000000000086,B,Europe,WIN,1.539
LTCUSDT,Mean Reversion,2026-03-25 10:59,2026-03-25 11:59,BUY,56.44,55.8756,55.693400000000075,B,Europe,WIN,1.323
LTCUSDT,Mean Reversion,2026-03-27 14:59,2026-03-27 20:59,BUY,54.01,53.469899999999996,55.17280000000011,B,Europe,LOSS,-1.0
LTCUSDT,Mean Reversion,2026-03-28 06:59,2026-03-28 13:59,BUY,53.79,53.2521,54.34380000000008,A,Asia,WIN,1.03
LTCUSDT,Mean Reversion,2026-04-02 06:59,2026-04-02 09:59,BUY,52.49,51.9651,53.775200000000076,A,Asia,LOSS,-1.0
LTCUSDT,Mean Reversion,2026-04-05 04:59,2026-04-05 05:59,SELL,53.17,53.7017,53.18940000000005,A,Asia,WIN,0.036
LTCUSDT,Mean Reversion,2026-04-06 01:59,2026-04-06 09:59,SELL,54.02,54.5602,53.29620000000007,A,Asia,LOSS,-1.0
LTCUSDT,Mean Reversion,2026-04-06 07:59,2026-04-06 09:59,SELL,54.03,54.5703,53.423800000000085,A,Asia,LOSS,-1.0
LTCUSDT,Mean Reversion,2026-04-08 14:59,2026-04-08 19:59,SELL,54.48,55.0248,54.09200000000007,B,Europe,WIN,0.712
LTCUSDT,Mean Reversion,2026-04-12 20:59,2026-04-12 23:59,BUY,53.87,53.3313,54.421800000000104,A+,US,LOSS,-1.0
LTCUSDT,Mean Reversion,2026-04-13 00:59,2026-04-13 07:59,BUY,53.7,53.163000000000004,54.2990000000001,A,Asia,LOSS,-1.0
LTCUSDT,Mean Reversion,2026-04-13 14:59,2026-04-13 16:59,BUY,53.36,52.8264,53.9226000000001,B,Europe,LOSS,-1.0
LTCUSDT,Mean Reversion,2026-04-14 10:59,2026-04-14 13:59,SELL,54.52,55.065200000000004,53.680200000000085,B,Europe,LOSS,-1.0
LTCUSDT,Mean Reversion,2026-04-19 11:59,2026-04-19 17:59,BUY,55.17,54.6183,56.00180000000009,B,Europe,LOSS,-1.0
LTCUSDT,Mean Reversion,2026-04-20 04:59,2026-04-20 07:59,BUY,54.76,54.212399999999995,55.37900000000009,A,Asia,WIN,1.13
LTCUSDT,Mean Reversion,2026-04-29 11:59,2026-04-29 15:59,SELL,56.77,57.337700000000005,55.49480000000007,B,Europe,WIN,2.246
LTCUSDT,Mean Reversion,2026-05-04 07:59,2026-05-04 10:59,SELL,55.87,56.4287,55.33100000000009,A,Asia,WIN,0.965
LTCUSDT,Mean Reversion,2026-05-07 01:59,2026-05-07 02:59,SELL,56.24,56.802400000000006,56.27320000000008,A,Asia,WIN,0.059
LTCUSDT,Mean Reversion,2026-05-08 20:59,2026-05-09 00:59,SELL,58.03,58.6103,56.774800000000056,A+,US,LOSS,-1.0
LTCUSDT,Mean Reversion,2026-05-12 17:59,2026-05-13 04:59,BUY,57.5,56.925,58.56380000000007,A+,US,WIN,1.85
LTCUSDT,Mean Reversion,2026-05-23 15:59,2026-05-23 20:59,BUY,52.83,52.3017,53.49100000000008,B,Europe,WIN,1.251
LTCUSDT,Mean Reversion,2026-05-28 14:59,2026-05-28 16:59,BUY,51.08,50.569199999999995,51.82740000000007,B,Europe,WIN,1.463
LTCUSDT,Mean Reversion,2026-06-04 03:59,2026-06-04 05:59,BUY,46.79,46.3221,48.08660000000009,A,Asia,LOSS,-1.0
LTCUSDT,Mean Reversion,2026-06-05 16:59,2026-06-05 17:59,BUY,43.91,43.47089999999999,45.72620000000009,A+,US,LOSS,-1.0
LTCUSDT,Mean Reversion,2026-06-06 23:59,2026-06-07 22:59,BUY,41.36,40.9464,43.252600000000086,A+,US,WIN,4.576
LTCUSDT,Mean Reversion,2026-06-13 17:59,2026-06-13 21:59,SELL,43.6,44.036,43.04780000000009,A+,US,LOSS,-1.0
LTCUSDT,Mean Reversion,2026-06-16 13:59,2026-06-16 14:59,SELL,45.08,45.5308,45.26900000000009,B,Europe,WIN,0.419
LTCUSDT,Mean Reversion,2026-06-19 15:59,2026-06-19 16:59,BUY,44.42,43.9758,44.14740000000007,B,Europe,WIN,0.614
LTCUSDT,Mean Reversion,2026-06-27 11:59,2026-06-27 13:59,SELL,42.46,42.8846,41.4318000000001,B,Europe,LOSS,-1.0
LTCUSDT,Mean Reversion,2026-07-07 07:59,2026-07-07 08:59,SELL,44.01,44.4501,44.89000000000006,A,Asia,WIN,2.0
LTCUSDT,Mean Reversion,2026-07-11 13:59,2026-07-11 19:59,SELL,44.94,45.389399999999995,44.46280000000008,B,Europe,LOSS,-1.0
LTCUSDT,Mean Reversion,2026-07-11 21:59,2026-07-11 23:59,SELL,45.33,45.7833,44.66320000000007,A+,US,WIN,1.471
LTCUSDT,Mean Reversion,2026-07-13 14:59,2026-07-13 17:59,BUY,43.54,43.1046,44.420600000000086,B,Europe,LOSS,-1.0
LTCUSDT,Mean Reversion,2026-07-24 21:59,2026-07-24 22:59,SELL,46.1,46.561,46.77800000000006,A+,US,WIN,1.471
LTCUSDT,Mean Reversion,2026-07-26 13:59,2026-07-26 15:59,SELL,47.04,47.5104,46.40420000000008,B,Europe,LOSS,-1.0
LTCUSDT,Mean Reversion,2026-07-28 06:59,2026-07-28 23:59,BUY,46.4,45.936,46.98880000000008,A,Asia,LOSS,-1.0
LTCUSDT,Mean Reversion,2026-07-29 09:59,2026-07-29 14:59,BUY,45.4,44.946,46.25920000000007,B,Europe,LOSS,-1.0
LTCUSDT,Mean Reversion,2026-08-01 02:59,2026-08-01 15:59,BUY,44.48,44.035199999999996,45.143000000000065,A,Asia,LOSS,-1.0
LTCUSDT,Mean Reversion,2026-08-02 01:59,2026-08-02 02:59,BUY,44.55,44.104499999999994,44.62880000000008,A,Asia,WIN,0.177
LTCUSDT,Mean Reversion,2026-08-11 09:59,2026-08-11 13:59,BUY,45.54,45.0846,45.5444000000001,B,Europe,LOSS,-1.0
LTCUSDT,Mean Reversion,2026-08-14 16:59,2026-08-14 19:59,BUY,44.04,43.599599999999995,44.731000000000094,A+,US,LOSS,-1.0
LTCUSDT,Mean Reversion,2026-09-10 12:59,2026-09-10 13:59,SELL,51.81,52.328100000000006,53.75360000000007,B,Europe,LOSS,-1.0
LTCUSDT,Mean Reversion,2026-09-17 07:59,2026-09-17 08:59,BUY,52.7,52.173,51.48020000000007,A,Asia,WIN,2.315
LTCUSDT,Mean Reversion,2026-09-19 17:59,2026-09-19 19:59,SELL,57.6,58.176,56.22280000000007,A+,US,LOSS,-1.0
LTCUSDT,Mean Reversion,2026-09-21 21:59,2026-09-22 14:59,SELL,61.98,62.599799999999995,58.92740000000012,A+,US,LOSS,-1.0
XRPUSDT,Zone Entry,2025-10-27 16:59,2025-10-27 20:59,BUY,2.684,2.6261,2.8577000000000004,A,US,LOSS,-1.0
XRPUSDT,Zone Entry,2025-11-03 19:59,2025-11-04 20:59,SELL,2.323,2.3797,2.1528999999999994,A,US,WIN,3.0
XRPUSDT,Zone Entry,2025-11-05 16:59,2025-11-07 11:59,BUY,2.284,2.171,2.6229999999999998,B,US,LOSS,-1.0
XRPUSDT,Zone Entry,2025-11-11 13:59,2025-11-13 03:59,SELL,2.4432,2.4997,2.2737000000000007,A,Europe,LOSS,-1.0
XRPUSDT,Zone Entry,2025-11-17 18:59,2025-11-18 15:59,SELL,2.1478,2.2181,1.9369,A,US,LOSS,-1.0
XRPUSDT,Zone Entry,2025-12-05 03:59,2025-12-09 16:59,SELL,2.0897,2.1271,1.9775000000000005,B,Asia,LOSS,-1.0
XRPUSDT,Zone Entry,2025-12-17 18:59,2025-12-18 13:59,SELL,1.8572,1.8972,1.7371999999999999,B,US,LOSS,-1.0
XRPUSDT,Zone Entry,2025-12-19 11:59,2026-01-04 12:59,BUY,1.8696,1.793,2.0994,B,Europe,WIN,3.0
XRPUSDT,Zone Entry,2025-12-22 20:59,2026-01-02 16:59,SELL,1.8955,1.9264,1.8028000000000002,A,US,LOSS,-1.0
XRPUSDT,Zone Entry,2025-12-29 18:59,2026-01-02 14:59,SELL,1.8539,1.9133,1.6757000000000004,B,US,LOSS,-1.0
XRPUSDT,Zone Entry,2026-01-07 15:59,2026-01-19 00:59,SELL,2.1946,2.2826,1.9305999999999996,B,Europe,WIN,3.0
XRPUSDT,Zone Entry,2026-01-15 17:59,2026-01-19 00:59,SELL,2.0804,2.128,1.9375999999999998,B,US,WIN,3.0
XRPUSDT,Zone Entry,2026-01-24 06:59,2026-01-25 17:59,SELL,1.9176,1.9438,1.839,B,Asia,WIN,3.0
XRPUSDT,Zone Entry,2026-01-30 21:59,2026-01-31 17:59,SELL,1.7272,1.7705,1.5973000000000004,B,US,WIN,3.0
XRPUSDT,Zone Entry,2026-02-04 14:59,2026-02-05 10:59,SELL,1.5442,1.5904,1.4056,A,Europe,WIN,3.0
XRPUSDT,Zone Entry,2026-02-05 15:59,2026-02-06 13:59,SELL,1.2959,1.4131,0.9443000000000001,B,Europe,LOSS,-1.0
XRPUSDT,Zone Entry,2026-02-06 14:59,2026-02-09 10:59,BUY,1.478,1.3805,1.7704999999999997,B,Europe,LOSS,-1.0
XRPUSDT,Zone Entry,2026-02-15 18:59,2026-03-17 01:59,SELL,1.4687,1.5618,1.1893999999999993,B,US,LOSS,-1.0
XRPUSDT,Zone Entry,2026-02-28 09:59,2026-02-28 11:59,SELL,1.277,1.3017,1.2028999999999994,A,Europe,LOSS,-1.0
XRPUSDT,Zone Entry,2026-03-01 01:59,2026-03-01 19:59,BUY,1.4022,1.3533,1.5488999999999997,B,Asia,LOSS,-1.0
XRPUSDT,Zone Entry,2026-03-11 05:59,2026-03-13 00:59,SELL,1.3755,1.412,1.266,A,Asia,LOSS,-1.0
XRPUSDT,Zone Entry,2026-03-16 17:59,2026-03-17 02:59,BUY,1.5178,1.4925,1.5937000000000003,A,US,WIN,3.0
XRPUSDT,Zone Entry,2026-03-18 15:59,2026-03-18 18:59,SELL,1.4399,1.4657,1.3624999999999998,A,Europe,LOSS,-1.0
XRPUSDT,Zone Entry,2026-03-24 16:59,2026-03-24 23:59,SELL,1.39,1.4156,1.3131999999999997,B,US,LOSS,-1.0
XRPUSDT,Zone Entry,2026-03-24 21:59,2026-03-26 05:59,BUY,1.4122,1.3871,1.4874999999999996,A,US,LOSS,-1.0
XRPUSDT,Zone Entry,2026-03-26 06:59,2026-03-27 10:59,SELL,1.3849,1.4016,1.3348000000000002,A,Asia,WIN,3.0
XRPUSDT,Zone Entry,2026-04-02 12:59,2026-04-02 16:59,SELL,1.2899,1.3075,1.2370999999999999,A,Europe,LOSS,-1.0
XRPUSDT,Zone Entry,2026-04-07 14:59,2026-04-07 20:59,SELL,1.2957,1.3193,1.2249000000000005,B,Europe,LOSS,-1.0
XRPUSDT,Zone Entry,2026-05-10 09:59,2026-05-10 11:59,BUY,1.4277,1.4193,1.4528999999999999,B,Europe,LOSS,-1.0
XRPUSDT,Zone Entry,2026-05-10 14:59,2026-05-10 16:59,BUY,1.4343,1.4233,1.4672999999999996,B,Europe,WIN,3.0
XRPUSDT,Zone Entry,2026-05-12 14:59,2026-05-13 01:59,SELL,1.4273,1.4499,1.3595000000000002,B,Europe,LOSS,-1.0
XRPUSDT,Zone Entry,2026-05-31 18:59,2026-05-31 23:59,SELL,1.3268,1.3419,1.2814999999999996,B,US,LOSS,-1.0
XRPUSDT,Zone Entry,2026-06-01 13:59,2026-06-02 15:59,SELL,1.2897,1.3134,1.2186000000000006,B,Europe,WIN,3.0
XRPUSDT,Zone Entry,2026-06-02 09:59,2026-06-02 22:59,SELL,1.2591,1.2795,1.1979000000000002,B,Europe,WIN,3.0
XRPUSDT,Zone Entry,2026-06-03 20:59,2026-06-03 21:59,SELL,1.193,1.2178,1.1186000000000003,A,US,LOSS,-1.0
XRPUSDT,Zone Entry,2026-06-18 11:59,2026-06-19 07:59,SELL,1.1641,1.1781,1.1220999999999999,A,Europe,WIN,3.0
XRPUSDT,Zone Entry,2026-06-22 03:59,2026-06-22 11:59,SELL,1.1294,1.1447,1.0834999999999997,A,Asia,LOSS,-1.0
XRPUSDT,Zone Entry,2026-06-22 12:59,2026-06-22 16:59,BUY,1.1571,1.1369,1.2177,A,Europe,LOSS,-1.0
XRPUSDT,Zone Entry,2026-06-23 08:59,2026-06-25 13:59,SELL,1.0997,1.1268,1.0183999999999995,A,Europe,WIN,3.0
XRPUSDT,Zone Entry,2026-06-29 19:59,2026-06-30 00:59,BUY,1.0747,1.0504,1.1476,A,US,LOSS,-1.0
XRPUSDT,Zone Entry,2026-06-30 03:59,2026-07-01 14:59,SELL,1.0447,1.0583,1.0038999999999998,B,Asia,LOSS,-1.0
XRPUSDT,Zone Entry,2026-07-02 11:59,2026-07-03 15:59,BUY,1.0836,1.0731,1.1150999999999998,B,Europe,WIN,3.0
XRPUSDT,Zone Entry,2026-07-04 17:59,2026-07-05 00:59,BUY,1.1807,1.1523,1.2659,B,US,LOSS,-1.0
XRPUSDT,Zone Entry,2026-07-07 03:59,2026-07-08 02:59,SELL,1.1285,1.1406,1.0922,B,Asia,WIN,3.0
XRPUSDT,Zone Entry,2026-07-08 05:59,2026-07-10 08:59,SELL,1.091,1.1134,1.0238,B,Asia,LOSS,-1.0
XRPUSDT,Zone Entry,2026-07-20 06:59,2026-07-20 11:59,SELL,1.0847,1.0952,1.0532000000000001,A,Asia,LOSS,-1.0
XRPUSDT,Zone Entry,2026-07-28 04:59,2026-07-28 15:59,SELL,1.0558,1.0653,1.0273000000000005,B,Asia,LOSS,-1.0
XRPUSDT,Zone Entry,2026-08-05 11:59,2026-08-05 12:59,SELL,1.0605,1.064,1.0499999999999998,B,Europe,LOSS,-1.0
XRPUSDT,Zone Entry,2026-08-17 09:59,2026-08-17 13:59,SELL,0.9963,1.0025,0.9777,A,Europe,LOSS,-1.0
XRPUSDT,Zone Entry,2026-08-17 22:59,2026-08-18 14:59,SELL,0.9999,1.0063,0.9807000000000001,B,US,LOSS,-1.0
XRPUSDT,Zone Entry,2026-08-21 03:59,2026-08-21 22:59,BUY,1.3081,1.265,1.4374000000000005,B,Asia,WIN,3.0
XRPUSDT,Zone Entry,2026-09-10 04:59,2026-09-11 13:59,SELL,1.3882,1.4166,1.3030000000000002,A,Asia,LOSS,-1.0
XRPUSDT,Zone Entry,2026-09-14 06:59,2026-09-14 20:59,BUY,1.3859,1.3511,1.4902999999999997,A,Asia,WIN,3.0
XRPUSDT,Zone Entry,2026-09-14 17:59,2026-09-15 05:59,BUY,1.4339,1.4025,1.5280999999999996,A,US,LOSS,-1.0
XRPUSDT,Zone Entry,2026-09-21 21:59,2026-09-22 01:59,BUY,1.5496,1.5068,1.6780000000000006,B,US,LOSS,-1.0
XRPUSDT,Momentum Continuation,2026-01-05 18:59,2026-01-05 20:59,BUY,2.266,2.24334,2.33398,A+,US,WIN,3.0
XRPUSDT,Momentum Continuation,2026-02-03 18:59,2026-02-03 19:59,SELL,1.5307,1.546007,1.4847789999999998,A+,US,LOSS,-1.0
XRPUSDT,Momentum Continuation,2026-02-18 18:59,2026-02-19 13:59,SELL,1.4402,1.454602,1.3969939999999998,A+,US,WIN,3.0
XRPUSDT,Momentum Continuation,2026-02-18 19:59,2026-02-19 07:59,SELL,1.4222,1.4364219999999999,1.3795339999999998,A,US,LOSS,-1.0
XRPUSDT,Momentum Continuation,2026-05-10 15:59,2026-05-10 17:59,BUY,1.4437,1.429263,1.487011,A+,Europe,WIN,3.0
XRPUSDT,Momentum Continuation,2026-05-10 16:59,2026-05-10 20:59,BUY,1.4717,1.456983,1.515851,A,US,LOSS,-1.0
XRPUSDT,Momentum Continuation,2026-06-14 23:59,2026-06-15 11:59,BUY,1.1852,1.173348,1.2207560000000002,A,US,WIN,3.0
XRPUSDT,Momentum Continuation,2026-07-14 14:59,2026-07-16 17:59,BUY,1.1027,1.091673,1.1357810000000002,A,Europe,LOSS,-1.0
XRPUSDT,Momentum Continuation,2026-09-14 18:59,2026-09-14 19:59,BUY,1.4766,1.4618339999999999,1.5208979999999999,A+,US,LOSS,-1.0
XRPUSDT,Mean Reversion,2025-10-14 01:59,2025-10-14 05:59,SELL,2.5859,2.611759,2.514795999999999,A,Asia,WIN,2.75
XRPUSDT,Mean Reversion,2025-10-16 01:59,2025-10-16 05:59,BUY,2.4223,2.398077,2.477354000000001,A,Asia,LOSS,-1.0
XRPUSDT,Mean Reversion,2025-10-21 02:59,2025-10-21 04:59,SELL,2.4498,2.474298,2.422124000000001,A,Asia,WIN,1.13
XRPUSDT,Mean Reversion,2025-10-22 23:59,2025-10-23 17:59,BUY,2.3635,2.339865,2.424784000000002,A+,US,WIN,2.593
XRPUSDT,Mean Reversion,2025-10-24 10:59,2025-10-24 12:59,SELL,2.4469,2.4713689999999997,2.397976000000002,B,Europe,LOSS,-1.0
XRPUSDT,Mean Reversion,2025-11-03 14:59,2025-11-03 15:59,BUY,2.4257,2.401443,2.4841200000000057,B,Europe,LOSS,-1.0
XRPUSDT,Mean Reversion,2025-11-05 15:59,2025-11-05 16:59,BUY,2.275,2.25225,2.2668920000000052,B,Europe,WIN,0.356
XRPUSDT,Mean Reversion,2025-11-12 08:59,2025-11-12 15:59,BUY,2.4038,2.379762,2.4695540000000062,B,Europe,LOSS,-1.0
XRPUSDT,Mean Reversion,2025-11-20 22:59,2025-11-20 23:59,BUY,2.0409,2.0204910000000003,2.1141400000000057,A+,US,LOSS,-1.0
XRPUSDT,Mean Reversion,2025-11-23 01:59,2025-11-23 02:59,BUY,1.9982,1.978218,1.9408440000000058,A,Asia,WIN,2.87
XRPUSDT,Mean Reversion,2025-12-11 04:59,2025-12-11 14:59,BUY,2.0155,1.995345,2.0724940000000056,A,Asia,LOSS,-1.0
XRPUSDT,Mean Reversion,2025-12-11 10:59,2025-12-11 14:59,BUY,2.0147,1.994553,2.0670080000000053,B,Europe,LOSS,-1.0
XRPUSDT,Mean Reversion,2025-12-18 07:59,2025-12-18 13:59,BUY,1.8403,1.821897,1.8983500000000055,A,Asia,WIN,3.154
XRPUSDT,Mean Reversion,2025-12-19 02:59,2025-12-19 07:59,BUY,1.793,1.77507,1.8732220000000055,A,Asia,WIN,4.474
XRPUSDT,Mean Reversion,2025-12-20 13:59,2025-12-21 09:59,SELL,1.9272,1.946472,1.877916000000006,B,Europe,LOSS,-1.0
XRPUSDT,Mean Reversion,2025-12-24 10:59,2025-12-25 22:59,BUY,1.8647,1.846053,1.8898320000000055,B,Europe,LOSS,-1.0
XRPUSDT,Mean Reversion,2026-01-01 08:59,2026-01-01 15:59,BUY,1.8489,1.830411,1.859518000000007,B,Europe,WIN,0.574
XRPUSDT,Mean Reversion,2026-01-05 12:59,2026-01-05 14:59,SELL,2.1261,2.147361,2.0739340000000066,B,Europe,LOSS,-1.0
XRPUSDT,Mean Reversion,2026-01-14 05:59,2026-01-14 16:59,SELL,2.1521,2.173621,2.085574000000007,A,Asia,LOSS,-1.0
XRPUSDT,Mean Reversion,2026-01-15 21:59,2026-01-16 13:59,BUY,2.0727,2.0519730000000003,2.1256700000000066,A+,US,LOSS,-1.0
XRPUSDT,Mean Reversion,2026-01-16 05:59,2026-01-16 15:59,BUY,2.0708,2.0500920000000002,2.1116180000000067,A,Asia,LOSS,-1.0
XRPUSDT,Mean Reversion,2026-01-19 16:59,2026-01-19 20:59,BUY,2.021,2.00079,2.0275380000000065,A+,US,LOSS,-1.0
XRPUSDT,Mean Reversion,2026-01-26 00:59,2026-01-26 08:59,BUY,1.8515,1.8329849999999999,1.8971280000000053,A,Asia,WIN,2.464
XRPUSDT,Mean Reversion,2026-02-02 12:59,2026-02-02 13:59,BUY,1.6446,1.628154,1.6210860000000056,B,Europe,WIN,1.43
XRPUSDT,Mean Reversion,2026-02-04 19:59,2026-02-04 20:59,BUY,1.5538,1.538262,1.5924860000000052,A+,US,LOSS,-1.0
XRPUSDT,Mean Reversion,2026-02-11 11:59,2026-02-11 13:59,BUY,1.3782,1.3644180000000001,1.4126000000000065,B,Europe,LOSS,-1.0
XRPUSDT,Mean Reversion,2026-02-19 06:59,2026-02-19 10:59,BUY,1.427,1.41273,1.457902000000006,A,Asia,LOSS,-1.0
XRPUSDT,Mean Reversion,2026-02-21 16:59,2026-02-22 03:59,SELL,1.4407,1.4551070000000002,1.4213520000000066,A+,US,WIN,1.343
XRPUSDT,Mean Reversion,2026-02-22 22:59,2026-02-23 00:59,BUY,1.4004,1.3863960000000002,1.422900000000007,A+,US,LOSS,-1.0
XRPUSDT,Mean Reversion,2026-02-24 14:59,2026-02-24 16:59,BUY,1.3352,1.321848,1.3619560000000073,B,Europe,WIN,2.004
XRPUSDT,Mean Reversion,2026-02-26 16:59,2026-02-26 17:59,SELL,1.3882,1.402082,1.4081160000000055,A+,US,WIN,1.435
XRPUSDT,Mean Reversion,2026-03-01 01:59,2026-03-01 02:59,BUY,1.4022,1.388178,1.3586720000000054,A,Asia,WIN,3.104
XRPUSDT,Mean Reversion,2026-03-07 05:59,2026-03-07 18:59,BUY,1.3662,1.352538,1.3950240000000058,A,Asia,LOSS,-1.0
XRPUSDT,Mean Reversion,2026-03-10 21:59,2026-03-11 08:59,SELL,1.3828,1.396628,1.3718940000000057,A+,US,WIN,0.789
XRPUSDT,Mean Reversion,2026-03-13 11:59,2026-03-13 12:59,SELL,1.4197,1.433897,1.3898220000000052,B,Europe,LOSS,-1.0
XRPUSDT,Mean Reversion,2026-03-18 15:59,2026-03-18 16:59,SELL,1.4399,1.454299,1.5184900000000057,B,Europe,WIN,5.458
XRPUSDT,Mean Reversion,2026-03-19 03:59,2026-03-19 07:59,BUY,1.4734,1.458666,1.5014160000000052,A,Asia,LOSS,-1.0
XRPUSDT,Mean Reversion,2026-03-23 12:59,2026-03-23 13:59,BUY,1.4242,1.4099579999999998,1.4041320000000064,B,Europe,WIN,1.409
XRPUSDT,Mean Reversion,2026-04-02 14:59,2026-04-03 12:59,BUY,1.2988,1.285812,1.3343220000000062,B,Europe,WIN,2.735
XRPUSDT,Mean Reversion,2026-04-06 22:59,2026-04-06 23:59,SELL,1.3178,1.330978,1.3205640000000056,A+,US,WIN,0.21
XRPUSDT,Mean Reversion,2026-04-08 00:59,2026-04-08 05:59,SELL,1.366,1.37966,1.3289760000000055,A,Asia,LOSS,-1.0
XRPUSDT,Mean Reversion,2026-04-12 16:59,2026-04-13 14:59,BUY,1.3273,1.3140269999999998,1.3448800000000045,A+,US,WIN,1.324
XRPUSDT,Mean Reversion,2026-04-14 00:59,2026-04-14 07:59,SELL,1.3615,1.3751149999999999,1.3344160000000047,A,Asia,LOSS,-1.0
XRPUSDT,Mean Reversion,2026-04-14 12:59,2026-04-14 13:59,SELL,1.3663,1.379963,1.3426900000000048,B,Europe,LOSS,-1.0
XRPUSDT,Mean Reversion,2026-04-16 04:59,2026-04-16 09:59,SELL,1.4031,1.417131,1.3715860000000057,A,Asia,LOSS,-1.0
XRPUSDT,Mean Reversion,2026-04-17 10:59,2026-04-17 12:59,SELL,1.4361,1.450461,1.4103960000000055,B,Europe,LOSS,-1.0
XRPUSDT,Mean Reversion,2026-04-17 21:59,2026-04-18 11:59,SELL,1.4785,1.493285,1.4340860000000055,A+,US,WIN,3.004
XRPUSDT,Mean Reversion,2026-04-20 06:59,2026-04-20 07:59,BUY,1.4132,1.399068,1.4270620000000054,A,Asia,WIN,0.981
XRPUSDT,Mean Reversion,2026-05-04 05:59,2026-05-04 10:59,SELL,1.4111,1.425211,1.3916360000000054,A,Asia,WIN,1.379
XRPUSDT,Mean Reversion,2026-05-06 12:59,2026-05-07 02:59,SELL,1.4446,1.459046,1.4107860000000065,B,Europe,WIN,2.341
XRPUSDT,Mean Reversion,2026-05-08 15:59,2026-05-08 17:59,BUY,1.3968,1.382832,1.4012900000000053,B,Europe,WIN,0.321
XRPUSDT,Mean Reversion,2026-05-12 17:59,2026-05-13 04:59,BUY,1.433,1.41867,1.4600780000000062,A+,US,WIN,1.89
XRPUSDT,Mean Reversion,2026-06-04 12:59,2026-06-04 13:59,BUY,1.1792,1.167408,1.2132280000000053,B,Europe,LOSS,-1.0
XRPUSDT,Mean Reversion,2026-06-05 16:59,2026-06-05 17:59,BUY,1.1197,1.108503,1.1649680000000053,A+,US,LOSS,-1.0
XRPUSDT,Mean Reversion,2026-06-10 12:59,2026-06-10 17:59,BUY,1.1173,1.1061269999999999,1.1466000000000052,B,Europe,LOSS,-1.0
XRPUSDT,Mean Reversion,2026-06-11 01:59,2026-06-11 17:59,BUY,1.115,1.10385,1.1303000000000054,A,Asia,LOSS,-1.0
XRPUSDT,Mean Reversion,2026-06-17 15:59,2026-06-17 18:59,BUY,1.2128,1.2006720000000002,1.2271400000000054,B,Europe,LOSS,-1.0
XRPUSDT,Mean Reversion,2026-06-18 06:59,2026-06-18 13:59,BUY,1.1701,1.158399,1.208316000000005,A,Asia,LOSS,-1.0
XRPUSDT,Mean Reversion,2026-06-25 17:59,2026-06-25 18:59,BUY,1.0454,1.0349460000000001,1.0803520000000046,A+,US,LOSS,-1.0
XRPUSDT,Mean Reversion,2026-07-10 01:59,2026-07-10 02:59,BUY,1.1044,1.093356,1.0911620000000046,A,Asia,WIN,1.199
XRPUSDT,Mean Reversion,2026-07-14 12:59,2026-07-14 13:59,BUY,1.0887,1.077813,1.077872000000005,B,Europe,WIN,0.995
XRPUSDT,Mean Reversion,2026-07-15 02:59,2026-07-15 06:59,SELL,1.099,1.10999,1.080626000000005,A,Asia,LOSS,-1.0
XRPUSDT,Mean Reversion,2026-07-17 15:59,2026-07-19 14:59,BUY,1.0828,1.071972,1.1007940000000054,B,Europe,WIN,1.662
XRPUSDT,Mean Reversion,2026-07-28 21:59,2026-07-29 02:59,BUY,1.0685,1.057815,1.0808620000000049,A+,US,WIN,1.157
XRPUSDT,Mean Reversion,2026-08-01 11:59,2026-08-01 18:59,BUY,1.0632,1.052568,1.0732160000000055,B,Europe,LOSS,-1.0
XRPUSDT,Mean Reversion,2026-08-02 00:59,2026-08-02 01:59,BUY,1.062,1.05138,1.0663620000000054,A,Asia,WIN,0.411
XRPUSDT,Mean Reversion,2026-08-02 08:59,2026-08-02 22:59,SELL,1.0796,1.090396,1.0659940000000052,B,Europe,LOSS,-1.0
XRPUSDT,Mean Reversion,2026-08-03 01:59,2026-08-03 03:59,SELL,1.0751,1.085851,1.070868000000005,A,Asia,WIN,0.394
XRPUSDT,Mean Reversion,2026-08-06 08:59,2026-08-06 09:59,BUY,1.0553,1.0447469999999999,1.0666060000000046,B,Europe,LOSS,-1.0
XRPUSDT,Mean Reversion,2026-08-07 06:59,2026-08-07 16:59,BUY,1.0256,1.015344,1.050202000000005,A,Asia,LOSS,-1.0
XRPUSDT,Mean Reversion,2026-08-07 19:59,2026-08-08 12:59,BUY,1.0232,1.012968,1.040596000000005,A+,US,WIN,1.7
XRPUSDT,Mean Reversion,2026-08-08 18:59,2026-08-09 08:59,SELL,1.0418,1.052218,1.0319680000000053,A+,US,WIN,0.944
XRPUSDT,Mean Reversion,2026-08-11 21:59,2026-08-11 22:59,BUY,1.0239,1.013661,1.0200300000000049,A+,US,WIN,0.378
XRPUSDT,Mean Reversion,2026-08-26 23:59,2026-08-27 00:59,BUY,1.4217,1.407483,1.4470260000000033,A+,US,LOSS,-1.0
XRPUSDT,Mean Reversion,2026-09-02 13:59,2026-09-02 15:59,BUY,1.341,1.32759,1.362658000000004,B,Europe,LOSS,-1.0
XRPUSDT,Mean Reversion,2026-09-11 12:59,2026-09-11 13:59,BUY,1.366,1.35234,1.3741060000000038,B,Europe,WIN,0.593
XRPUSDT,Mean Reversion,2026-09-13 14:59,2026-09-13 22:59,BUY,1.3497,1.3362029999999998,1.3629040000000046,B,Europe,LOSS,-1.0
XRPUSDT,Mean Reversion,2026-09-17 08:59,2026-09-17 12:59,BUY,1.3033,1.2902669999999998,1.3140380000000045,B,Europe,WIN,0.824
XRPUSDT,Mean Reversion,2026-09-24 09:59,2026-09-24 10:59,SELL,1.4574,1.4719740000000001,1.5464720000000034,B,Europe,WIN,6.112
XRPUSDT,Mean Reversion,2026-09-25 16:59,2026-09-25 18:59,SELL,1.5619,1.5775190000000001,1.520386000000004,A+,US,LOSS,-1.0
DOGEUSDT,Zone Entry,2025-10-09 16:59,2025-10-09 22:59,SELL,0.2418,0.24944,0.21887999999999996,B,US,LOSS,-1.0
DOGEUSDT,Zone Entry,2025-10-11 20:59,2025-10-12 14:59,SELL,0.1816,0.192,0.15040000000000003,A,US,LOSS,-1.0
DOGEUSDT,Zone Entry,2025-10-14 05:59,2025-10-17 07:59,SELL,0.20333,0.21165,0.17837000000000003,A,Asia,WIN,3.0
DOGEUSDT,Zone Entry,2025-10-19 20:59,2025-10-20 00:59,BUY,0.19726,0.19385,0.20748999999999998,B,US,LOSS,-1.0
DOGEUSDT,Zone Entry,2025-11-11 07:59,2025-11-13 17:59,SELL,0.17629,0.17994,0.16534000000000004,A,Asia,WIN,3.0
DOGEUSDT,Zone Entry,2025-12-01 04:59,2025-12-01 15:59,SELL,0.13675,0.13841,0.13177000000000003,B,Asia,WIN,3.0
DOGEUSDT,Zone Entry,2025-12-19 06:59,2025-12-26 15:59,BUY,0.12642,0.12151,0.14115,A,Asia,LOSS,-1.0
DOGEUSDT,Zone Entry,2026-01-12 07:59,2026-01-13 14:59,SELL,0.13785,0.14092,0.12864000000000003,B,Asia,LOSS,-1.0
DOGEUSDT,Zone Entry,2026-01-23 20:59,2026-01-27 22:59,SELL,0.12373,0.1264,0.11571999999999999,A,US,LOSS,-1.0
DOGEUSDT,Zone Entry,2026-02-05 15:59,2026-02-06 17:59,SELL,0.09415,0.10163,0.07171,B,Europe,LOSS,-1.0
DOGEUSDT,Zone Entry,2026-02-06 16:59,2026-03-08 22:59,BUY,0.09908,0.08754,0.13369999999999999,B,US,LOSS,-1.0
DOGEUSDT,Zone Entry,2026-02-11 10:59,2026-02-11 14:59,SELL,0.08963,0.09158,0.08378000000000002,B,Europe,LOSS,-1.0
DOGEUSDT,Zone Entry,2026-02-14 09:59,2026-02-14 14:59,BUY,0.09815,0.0965,0.1031,A,Europe,WIN,3.0
DOGEUSDT,Zone Entry,2026-03-14 08:59,2026-03-16 03:59,SELL,0.0944,0.10034,0.07658,B,Europe,LOSS,-1.0
DOGEUSDT,Zone Entry,2026-03-17 12:59,2026-04-29 07:59,SELL,0.09876,0.10347,0.08462999999999998,A,Europe,LOSS,-1.0
DOGEUSDT,Zone Entry,2026-03-26 08:59,2026-03-28 15:59,SELL,0.09223,0.09422,0.08626000000000003,A,Europe,LOSS,-1.0
DOGEUSDT,Zone Entry,2026-03-30 18:59,2026-03-31 01:59,SELL,0.09096,0.0927,0.08573999999999998,A,US,LOSS,-1.0
DOGEUSDT,Zone Entry,2026-04-05 05:59,2026-04-05 15:59,SELL,0.09065,0.09134,0.08857999999999996,B,Asia,LOSS,-1.0
DOGEUSDT,Zone Entry,2026-04-18 10:59,2026-04-24 10:59,SELL,0.09647,0.09882,0.08941999999999999,A,Europe,LOSS,-1.0
DOGEUSDT,Zone Entry,2026-04-20 05:59,2026-04-20 18:59,SELL,0.09389,0.09556,0.08887999999999999,A,Asia,LOSS,-1.0
DOGEUSDT,Zone Entry,2026-05-10 16:59,2026-05-10 20:59,BUY,0.10961,0.10828,0.11359999999999999,A,US,LOSS,-1.0
DOGEUSDT,Zone Entry,2026-05-18 18:59,2026-06-05 06:59,SELL,0.10258,0.10891,0.08359,A,US,WIN,3.0
DOGEUSDT,Zone Entry,2026-05-21 02:59,2026-05-22 18:59,BUY,0.10506,0.10365,0.10928999999999998,A,Asia,LOSS,-1.0
DOGEUSDT,Zone Entry,2026-05-26 12:59,2026-05-26 16:59,BUY,0.10269,0.10113,0.10737000000000002,A,Europe,LOSS,-1.0
DOGEUSDT,Zone Entry,2026-06-05 03:59,2026-06-05 18:59,SELL,0.08589,0.08789,0.07988999999999999,B,Asia,WIN,3.0
DOGEUSDT,Zone Entry,2026-06-07 04:59,2026-06-12 14:59,BUY,0.08383,0.0817,0.09022000000000002,B,Asia,WIN,3.0
DOGEUSDT,Zone Entry,2026-07-07 21:59,2026-07-11 14:59,SELL,0.07399,0.07544,0.06964000000000002,B,US,LOSS,-1.0
DOGEUSDT,Zone Entry,2026-07-08 08:59,2026-07-10 08:59,SELL,0.07126,0.07433,0.062050000000000036,A,Europe,LOSS,-1.0
DOGEUSDT,Zone Entry,2026-07-20 05:59,2026-07-20 11:59,SELL,0.07167,0.0727,0.06857999999999999,A,Asia,LOSS,-1.0
DOGEUSDT,Zone Entry,2026-07-20 11:59,2026-07-23 12:59,BUY,0.07288,0.07131,0.07759,B,Europe,LOSS,-1.0
DOGEUSDT,Zone Entry,2026-07-31 13:59,2026-07-31 17:59,SELL,0.06925,0.06993,0.06721,B,Europe,LOSS,-1.0
DOGEUSDT,Zone Entry,2026-08-01 01:59,2026-08-01 17:59,BUY,0.0701,0.06957,0.07168999999999996,A,Asia,LOSS,-1.0
DOGEUSDT,Zone Entry,2026-08-09 01:59,2026-08-09 22:59,SELL,0.06997,0.07095,0.06703000000000002,A,Asia,LOSS,-1.0
DOGEUSDT,Zone Entry,2026-08-18 02:59,2026-08-18 14:59,SELL,0.06968,0.07032,0.06776000000000004,A,Asia,LOSS,-1.0
DOGEUSDT,Zone Entry,2026-08-20 14:59,2026-08-21 21:59,BUY,0.07844,0.0753,0.08785999999999997,B,Europe,WIN,3.0
DOGEUSDT,Zone Entry,2026-08-30 13:59,2026-08-30 20:59,BUY,0.08566,0.08492,0.08788000000000001,B,Europe,LOSS,-1.0
DOGEUSDT,Zone Entry,2026-09-14 22:59,2026-09-15 14:59,SELL,0.08403,0.08514,0.0807,B,US,WIN,3.0
DOGEUSDT,Zone Entry,2026-09-15 04:59,2026-09-15 14:59,SELL,0.08313,0.08374,0.0813,A,Asia,WIN,3.0
DOGEUSDT,Zone Entry,2026-09-30 03:59,2026-09-30 11:59,SELL,0.09335,0.09548,0.08696000000000002,B,Asia,LOSS,-1.0
DOGEUSDT,Momentum Continuation,2025-11-20 17:59,2025-11-20 20:59,SELL,0.14833,0.14981329999999998,0.14388009999999998,B,US,LOSS,-1.0
DOGEUSDT,Momentum Continuation,2025-11-20 18:59,2025-11-20 19:59,SELL,0.1472,0.148672,0.142784,B,US,LOSS,-1.0
DOGEUSDT,Momentum Continuation,2026-02-03 18:59,2026-02-03 19:59,SELL,0.10244,0.1034644,0.0993668,A+,US,LOSS,-1.0
DOGEUSDT,Momentum Continuation,2026-02-14 16:59,2026-02-14 19:59,BUY,0.10485,0.10380149999999999,0.10799550000000001,A,US,WIN,3.0
DOGEUSDT,Momentum Continuation,2026-02-25 14:59,2026-02-25 18:59,BUY,0.10083,0.0998217,0.1038549,A+,Europe,WIN,3.0
DOGEUSDT,Momentum Continuation,2026-05-10 17:59,2026-05-10 20:59,BUY,0.11087,0.10976129999999999,0.1141961,A,US,LOSS,-1.0
DOGEUSDT,Momentum Continuation,2026-06-24 17:59,2026-06-24 18:59,SELL,0.07303,0.0737603,0.0708391,A,US,LOSS,-1.0
DOGEUSDT,Momentum Continuation,2026-07-14 14:59,2026-07-15 02:59,BUY,0.07451,0.07376490000000001,0.0767453,A,Europe,LOSS,-1.0
DOGEUSDT,Momentum Continuation,2026-08-20 16:59,2026-08-20 18:59,BUY,0.08319,0.0823581,0.0856857,A+,US,LOSS,-1.0
DOGEUSDT,Momentum Continuation,2026-08-21 22:59,2026-08-21 23:59,BUY,0.09418,0.0932382,0.0970054,A,US,LOSS,-1.0
DOGEUSDT,Momentum Continuation,2026-09-03 16:59,2026-09-03 20:59,BUY,0.08946,0.0885654,0.0921438,B,US,LOSS,-1.0
DOGEUSDT,Mean Reversion,2025-10-08 10:59,2025-10-08 17:59,BUY,0.24993,0.2474307,0.2576542,B,Europe,WIN,3.091
DOGEUSDT,Mean Reversion,2025-10-13 03:59,2025-10-13 04:59,SELL,0.20712,0.2091912,0.19432780000000002,A,Asia,LOSS,-1.0
DOGEUSDT,Mean Reversion,2025-10-14 01:59,2025-10-14 05:59,SELL,0.21165,0.2137665,0.20333,A,Asia,WIN,3.931
DOGEUSDT,Mean Reversion,2025-10-28 22:59,2025-10-29 15:59,BUY,0.19397,0.19203030000000001,0.2020154,A+,US,LOSS,-1.0
DOGEUSDT,Mean Reversion,2025-10-31 00:59,2025-11-02 16:59,BUY,0.18437,0.1825263,0.189847,A,Asia,LOSS,-1.0
DOGEUSDT,Mean Reversion,2025-11-04 22:59,2025-11-05 00:59,BUY,0.16339,0.1617561,0.16941539999999997,A+,US,LOSS,-1.0
DOGEUSDT,Mean Reversion,2025-11-07 23:59,2025-11-08 01:59,SELL,0.17873,0.1805173,0.1661893999999999,A+,US,LOSS,-1.0
DOGEUSDT,Mean Reversion,2025-11-12 08:59,2025-11-12 13:59,BUY,0.17398,0.17224019999999998,0.17747580000000002,B,Europe,WIN,2.009
DOGEUSDT,Mean Reversion,2025-11-13 22:59,2025-11-14 04:59,BUY,0.16372,0.1620828,0.1717318,A+,US,LOSS,-1.0
DOGEUSDT,Mean Reversion,2025-11-14 14:59,2025-11-14 17:59,BUY,0.16255,0.1609245,0.16854560000000002,B,Europe,LOSS,-1.0
DOGEUSDT,Mean Reversion,2025-11-16 22:59,2025-11-16 23:59,BUY,0.15798,0.15640020000000002,0.161504,A+,US,LOSS,-1.0
DOGEUSDT,Mean Reversion,2025-11-23 15:59,2025-11-23 16:59,BUY,0.14717,0.1456983,0.14053640000000006,B,Europe,LOSS,-1.0
DOGEUSDT,Mean Reversion,2025-11-23 23:59,2025-11-24 02:59,SELL,0.14494,0.1463894,0.14144800000000005,A+,US,LOSS,-1.0
DOGEUSDT,Mean Reversion,2025-11-24 23:59,2025-11-25 14:59,SELL,0.15173,0.1532473,0.1459362,A+,US,WIN,3.818
DOGEUSDT,Mean Reversion,2025-12-09 20:59,2025-12-10 22:59,SELL,0.14913,0.1506213,0.14249680000000015,A+,US,WIN,4.448
DOGEUSDT,Mean Reversion,2025-12-11 04:59,2025-12-11 08:59,BUY,0.13877,0.1373823,0.14470820000000006,A,Asia,LOSS,-1.0
DOGEUSDT,Mean Reversion,2025-12-12 22:59,2025-12-13 10:59,BUY,0.13685,0.1354815,0.13908800000000004,A+,US,WIN,1.635
DOGEUSDT,Mean Reversion,2025-12-15 00:59,2025-12-15 02:59,BUY,0.13494,0.1335906,0.13739860000000012,A,Asia,WIN,1.822
DOGEUSDT,Mean Reversion,2025-12-19 21:59,2025-12-21 09:59,SELL,0.1319,0.133219,0.12645760000000011,A+,US,LOSS,-1.0
DOGEUSDT,Mean Reversion,2025-12-20 04:59,2025-12-20 08:59,SELL,0.13081,0.13211810000000002,0.12718820000000014,A,Asia,LOSS,-1.0
DOGEUSDT,Mean Reversion,2025-12-21 01:59,2025-12-21 08:59,SELL,0.13109,0.13240090000000002,0.13004720000000014,A,Asia,LOSS,-1.0
DOGEUSDT,Mean Reversion,2025-12-24 09:59,2025-12-25 10:59,BUY,0.12748,0.12620520000000002,0.1306910000000002,B,Europe,LOSS,-1.0
DOGEUSDT,Mean Reversion,2025-12-26 02:59,2025-12-26 14:59,BUY,0.12622,0.1249578,0.12737300000000015,A,Asia,LOSS,-1.0
DOGEUSDT,Mean Reversion,2025-12-27 03:59,2025-12-27 10:59,BUY,0.12324,0.12200760000000001,0.12519740000000015,A,Asia,LOSS,-1.0
DOGEUSDT,Mean Reversion,2025-12-29 09:59,2025-12-29 12:59,SELL,0.12488,0.1261288,0.12408700000000003,B,Europe,WIN,0.635
DOGEUSDT,Mean Reversion,2026-01-01 19:59,2026-01-01 20:59,BUY,0.1258,0.124542,0.1212202000000001,A+,US,WIN,3.641
DOGEUSDT,Mean Reversion,2026-01-08 15:59,2026-01-09 08:59,BUY,0.14179,0.1403721,0.14642360000000015,B,Europe,LOSS,-1.0
DOGEUSDT,Mean Reversion,2026-01-15 17:59,2026-01-15 18:59,SELL,0.14082,0.1422282,0.14577180000000017,A+,US,WIN,3.516
DOGEUSDT,Mean Reversion,2026-01-21 14:59,2026-01-21 15:59,BUY,0.12577,0.12451229999999999,0.1260922000000002,B,Europe,WIN,0.256
DOGEUSDT,Mean Reversion,2026-01-26 01:59,2026-01-26 03:59,BUY,0.12245,0.1212255,0.12305060000000015,A,Asia,LOSS,-1.0
DOGEUSDT,Mean Reversion,2026-01-28 01:59,2026-01-28 09:59,SELL,0.12515,0.1264015,0.12261960000000023,A,Asia,LOSS,-1.0
DOGEUSDT,Mean Reversion,2026-02-11 18:59,2026-02-12 06:59,BUY,0.09105,0.09013950000000001,0.09294280000000016,A+,US,WIN,2.079
DOGEUSDT,Mean Reversion,2026-02-24 18:59,2026-02-25 00:59,BUY,0.09202,0.09109980000000001,0.09339100000000017,A+,US,LOSS,-1.0
DOGEUSDT,Mean Reversion,2026-02-26 06:59,2026-02-26 16:59,SELL,0.09996,0.1009596,0.09558400000000013,A,Asia,WIN,4.378
DOGEUSDT,Mean Reversion,2026-03-01 01:59,2026-03-01 02:59,BUY,0.09544,0.0944856,0.09353720000000021,A,Asia,WIN,1.994
DOGEUSDT,Mean Reversion,2026-03-04 22:59,2026-03-06 09:59,SELL,0.09916,0.1001516,0.09267820000000017,A+,US,WIN,6.537
DOGEUSDT,Mean Reversion,2026-03-09 05:59,2026-03-09 06:59,BUY,0.09141,0.0904959,0.08972620000000019,A,Asia,LOSS,-1.0
DOGEUSDT,Mean Reversion,2026-03-13 14:59,2026-03-13 15:59,SELL,0.09776,0.0987376,0.09474940000000026,B,Europe,LOSS,-1.0
DOGEUSDT,Mean Reversion,2026-03-17 03:59,2026-03-17 12:59,SELL,0.1012,0.102212,0.09881120000000018,A,Asia,WIN,2.36
DOGEUSDT,Mean Reversion,2026-03-25 12:59,2026-03-25 13:59,BUY,0.0977,0.09672299999999999,0.09459800000000022,B,Europe,WIN,3.175
DOGEUSDT,Mean Reversion,2026-03-28 14:59,2026-03-28 15:59,BUY,0.09357,0.0926343,0.09097400000000028,B,Europe,WIN,2.774
DOGEUSDT,Mean Reversion,2026-03-28 16:59,2026-03-28 23:59,SELL,0.09283,0.0937583,0.09104620000000029,A+,US,WIN,1.922
DOGEUSDT,Mean Reversion,2026-04-05 17:59,2026-04-05 22:59,BUY,0.09053,0.0896247,0.09121060000000022,A+,US,WIN,0.752
DOGEUSDT,Mean Reversion,2026-04-08 00:59,2026-04-08 10:59,SELL,0.09421,0.0951521,0.09177860000000028,A,Asia,LOSS,-1.0
DOGEUSDT,Mean Reversion,2026-04-08 10:59,2026-04-08 23:59,SELL,0.09438,0.0953238,0.0922288000000003,B,Europe,WIN,2.279
DOGEUSDT,Mean Reversion,2026-04-12 11:59,2026-04-12 15:59,BUY,0.09125,0.0903375,0.09289140000000025,B,Europe,LOSS,-1.0
DOGEUSDT,Mean Reversion,2026-04-14 18:59,2026-04-14 19:59,SELL,0.09306,0.09399060000000001,0.09257700000000024,A+,US,WIN,0.519
DOGEUSDT,Mean Reversion,2026-04-16 20:59,2026-04-16 23:59,SELL,0.09851,0.0994951,0.09493280000000029,A+,US,LOSS,-1.0
DOGEUSDT,Mean Reversion,2026-04-17 01:59,2026-04-17 09:59,SELL,0.09828,0.09926280000000001,0.09552140000000028,A,Asia,LOSS,-1.0
DOGEUSDT,Mean Reversion,2026-04-17 18:59,2026-04-18 08:59,SELL,0.10013,0.1011313,0.0974942000000003,A+,US,WIN,2.632
DOGEUSDT,Mean Reversion,2026-04-20 20:59,2026-04-20 21:59,BUY,0.09577,0.09481229999999999,0.09451300000000024,A+,US,WIN,1.313
DOGEUSDT,Mean Reversion,2026-04-22 16:59,2026-04-22 23:59,SELL,0.09693,0.09789930000000001,0.09576260000000021,A+,US,WIN,1.204
DOGEUSDT,Mean Reversion,2026-05-04 08:59,2026-05-04 10:59,SELL,0.11188,0.1129988,0.10894020000000024,B,Europe,WIN,2.628
DOGEUSDT,Mean Reversion,2026-05-06 13:59,2026-05-06 14:59,SELL,0.11271,0.11383710000000001,0.11283960000000016,B,Europe,WIN,0.115
DOGEUSDT,Mean Reversion,2026-05-10 22:59,2026-05-10 23:59,BUY,0.11186,0.1107414,0.1092904000000002,A+,US,WIN,2.297
DOGEUSDT,Mean Reversion,2026-05-17 09:59,2026-05-17 10:59,BUY,0.111,0.10989,0.1110100000000002,B,Europe,WIN,0.009
DOGEUSDT,Mean Reversion,2026-05-18 12:59,2026-05-18 13:59,BUY,0.10629,0.10522709999999999,0.1087412000000002,B,Europe,LOSS,-1.0
DOGEUSDT,Mean Reversion,2026-05-18 19:59,2026-05-19 10:59,BUY,0.10471,0.1036629,0.10802180000000021,A+,US,LOSS,-1.0
DOGEUSDT,Mean Reversion,2026-05-23 18:59,2026-05-23 20:59,BUY,0.10228,0.10125719999999999,0.10355780000000023,A+,US,WIN,1.249
DOGEUSDT,Mean Reversion,2026-05-28 07:59,2026-05-28 12:59,BUY,0.09866,0.0976734,0.10116040000000019,A,Asia,LOSS,-1.0
DOGEUSDT,Mean Reversion,2026-05-28 14:59,2026-05-29 15:59,BUY,0.09824,0.0972576,0.10065220000000019,B,Europe,WIN,2.455
DOGEUSDT,Mean Reversion,2026-06-15 18:59,2026-06-15 22:59,SELL,0.08928,0.0901728,0.08802200000000013,A+,US,WIN,1.409
DOGEUSDT,Mean Reversion,2026-06-17 12:59,2026-06-17 18:59,BUY,0.0862,0.085338,0.08782360000000013,B,Europe,WIN,1.884
DOGEUSDT,Mean Reversion,2026-06-18 07:59,2026-06-18 13:59,BUY,0.08488,0.0840312,0.08674860000000015,A,Asia,LOSS,-1.0
DOGEUSDT,Mean Reversion,2026-06-25 17:59,2026-06-25 18:59,BUY,0.07492,0.0741708,0.07689540000000017,A+,US,LOSS,-1.0
DOGEUSDT,Mean Reversion,2026-06-29 17:59,2026-06-29 18:59,BUY,0.07388,0.0731412,0.07356500000000014,A+,US,WIN,0.426
DOGEUSDT,Mean Reversion,2026-07-04 20:59,2026-07-05 02:59,SELL,0.07803,0.0788103,0.07645900000000014,A+,US,WIN,2.013
DOGEUSDT,Mean Reversion,2026-07-09 20:59,2026-07-09 21:59,BUY,0.07324,0.0725076,0.07265020000000014,A+,US,WIN,0.805
DOGEUSDT,Mean Reversion,2026-07-10 12:59,2026-07-11 10:59,SELL,0.07395,0.0746895,0.07290600000000012,B,Europe,LOSS,-1.0
DOGEUSDT,Mean Reversion,2026-07-14 19:59,2026-07-15 13:59,SELL,0.07421,0.0749521,0.07256660000000015,A+,US,LOSS,-1.0
DOGEUSDT,Mean Reversion,2026-07-15 02:59,2026-07-15 05:59,SELL,0.07372,0.0744572,0.07269480000000013,A,Asia,LOSS,-1.0
DOGEUSDT,Mean Reversion,2026-07-24 15:59,2026-07-25 15:59,BUY,0.06917,0.06847829999999999,0.07089220000000014,B,Europe,WIN,2.49
DOGEUSDT,Mean Reversion,2026-07-28 15:59,2026-07-28 23:59,BUY,0.07077,0.0700623,0.07168780000000016,B,Europe,LOSS,-1.0
DOGEUSDT,Mean Reversion,2026-08-02 01:59,2026-08-02 02:59,BUY,0.06962,0.06892380000000001,0.06970160000000013,A,Asia,WIN,0.117
DOGEUSDT,Mean Reversion,2026-08-09 01:59,2026-08-09 02:59,SELL,0.06997,0.0706697,0.07002360000000013,A,Asia,WIN,0.077
DOGEUSDT,Mean Reversion,2026-08-11 23:59,2026-08-12 21:59,SELL,0.07187,0.0725887,0.0702076000000001,A+,US,WIN,2.313
DOGEUSDT,Mean Reversion,2026-08-25 22:59,2026-08-25 23:59,BUY,0.08678,0.0859122,0.09058980000000011,A+,US,LOSS,-1.0
DOGEUSDT,Mean Reversion,2026-08-26 10:59,2026-08-26 12:59,BUY,0.08681,0.0859419,0.08924440000000007,B,Europe,LOSS,-1.0
DOGEUSDT,Mean Reversion,2026-08-26 18:59,2026-08-27 08:59,BUY,0.08506,0.08420939999999999,0.08822460000000003,A+,US,WIN,3.72
DOGEUSDT,Mean Reversion,2026-08-29 13:59,2026-08-30 21:59,BUY,0.08489,0.0840411,0.08657840000000006,B,Europe,LOSS,-1.0
DOGEUSDT,Mean Reversion,2026-09-01 05:59,2026-09-01 06:59,BUY,0.08381,0.0829719,0.08367340000000009,A,Asia,WIN,0.163
DOGEUSDT,Mean Reversion,2026-09-06 04:59,2026-09-06 05:59,SELL,0.09049,0.0913949,0.08705299999999999,A,Asia,LOSS,-1.0
DOGEUSDT,Mean Reversion,2026-09-11 13:59,2026-09-11 14:59,BUY,0.08738,0.0865062,0.08533500000000008,B,Europe,LOSS,-1.0
DOGEUSDT,Mean Reversion,2026-09-16 09:59,2026-09-16 13:59,BUY,0.07989,0.0790911,0.08234520000000002,B,Europe,LOSS,-1.0
DOGEUSDT,Mean Reversion,2026-09-16 19:59,2026-09-17 08:59,BUY,0.08038,0.07957619999999999,0.08141500000000004,A+,US,WIN,1.288
DOGEUSDT,Mean Reversion,2026-09-20 02:59,2026-09-20 03:59,SELL,0.0854,0.08625400000000001,0.08714500000000003,A,Asia,WIN,2.043
ADAUSDT,Zone Entry,2025-10-09 16:59,2025-10-09 22:59,SELL,0.7964,0.8185,0.7301,B,US,LOSS,-1.0
ADAUSDT,Zone Entry,2025-10-16 19:59,2025-10-19 17:59,SELL,0.6431,0.6639,0.5806999999999999,A,US,LOSS,-1.0
ADAUSDT,Zone Entry,2025-10-18 11:59,2025-10-22 21:59,BUY,0.6377,0.614,0.7088000000000002,B,Europe,LOSS,-1.0
ADAUSDT,Zone Entry,2025-10-21 22:59,2025-10-26 11:59,SELL,0.6491,0.6685,0.5909000000000001,B,US,LOSS,-1.0
ADAUSDT,Zone Entry,2025-11-05 13:59,2025-11-14 04:59,BUY,0.5418,0.5118,0.6317999999999997,B,Europe,LOSS,-1.0
ADAUSDT,Zone Entry,2025-11-11 07:59,2025-11-13 17:59,SELL,0.5756,0.589,0.5354000000000001,A,Asia,WIN,3.0
ADAUSDT,Zone Entry,2025-11-11 19:59,2025-11-14 12:59,SELL,0.562,0.5814,0.5038000000000001,B,US,WIN,3.0
ADAUSDT,Zone Entry,2025-11-24 20:59,2025-11-25 08:59,BUY,0.4322,0.4148,0.4843999999999999,A,US,LOSS,-1.0
ADAUSDT,Zone Entry,2025-12-05 13:59,2025-12-08 09:59,SELL,0.426,0.4376,0.3912,B,Europe,LOSS,-1.0
ADAUSDT,Zone Entry,2025-12-11 03:59,2025-12-15 15:59,SELL,0.4296,0.4445,0.3848999999999999,A,Asia,WIN,3.0
ADAUSDT,Zone Entry,2025-12-29 18:59,2026-01-02 09:59,SELL,0.3553,0.3652,0.32559999999999995,A,US,LOSS,-1.0
ADAUSDT,Zone Entry,2026-01-31 13:59,2026-01-31 17:59,SELL,0.3079,0.3157,0.2845000000000001,A,Europe,WIN,3.0
ADAUSDT,Zone Entry,2026-02-11 05:59,2026-02-11 14:59,SELL,0.2575,0.2622,0.24340000000000006,B,Asia,LOSS,-1.0
ADAUSDT,Zone Entry,2026-02-12 10:59,2026-02-12 15:59,BUY,0.2692,0.2622,0.2902,B,Europe,LOSS,-1.0
ADAUSDT,Zone Entry,2026-02-15 13:59,2026-02-20 16:59,SELL,0.282,0.2904,0.2567999999999999,A,Europe,LOSS,-1.0
ADAUSDT,Zone Entry,2026-02-19 08:59,2026-02-20 10:59,SELL,0.2738,0.2797,0.25609999999999994,B,Europe,LOSS,-1.0
ADAUSDT,Zone Entry,2026-02-25 18:59,2026-02-26 09:59,BUY,0.299,0.2904,0.3248,A,US,LOSS,-1.0
ADAUSDT,Zone Entry,2026-03-11 05:59,2026-03-13 00:59,SELL,0.2582,0.2688,0.2264,A,Asia,LOSS,-1.0
ADAUSDT,Zone Entry,2026-03-14 00:59,2026-03-15 23:59,SELL,0.2638,0.2719,0.2395,B,Asia,LOSS,-1.0
ADAUSDT,Zone Entry,2026-03-26 08:59,2026-03-29 05:59,SELL,0.2601,0.2656,0.24359999999999998,A,Europe,WIN,3.0
ADAUSDT,Zone Entry,2026-04-11 08:59,2026-04-11 18:59,SELL,0.2499,0.2527,0.2415000000000001,A,Europe,LOSS,-1.0
ADAUSDT,Zone Entry,2026-04-15 19:59,2026-04-19 22:59,BUY,0.249,0.2425,0.2685,B,US,LOSS,-1.0
ADAUSDT,Zone Entry,2026-04-21 22:59,2026-04-23 10:59,BUY,0.2489,0.2446,0.26180000000000003,B,US,LOSS,-1.0
ADAUSDT,Zone Entry,2026-05-03 02:59,2026-05-03 11:59,SELL,0.2477,0.2497,0.2417,A,Asia,LOSS,-1.0
ADAUSDT,Zone Entry,2026-05-10 05:59,2026-05-10 14:59,SELL,0.2695,0.2757,0.25090000000000007,B,Asia,LOSS,-1.0
ADAUSDT,Zone Entry,2026-05-13 09:59,2026-05-13 12:59,BUY,0.277,0.2675,0.30550000000000005,A,Europe,LOSS,-1.0
ADAUSDT,Zone Entry,2026-05-25 06:59,2026-05-26 00:59,BUY,0.2438,0.2407,0.2531,A,Asia,LOSS,-1.0
ADAUSDT,Zone Entry,2026-06-02 04:59,2026-06-02 15:59,SELL,0.2258,0.2296,0.2144,B,Asia,WIN,3.0
ADAUSDT,Zone Entry,2026-06-03 20:59,2026-06-04 21:59,SELL,0.2021,0.2083,0.18349999999999997,A,US,WIN,3.0
ADAUSDT,Zone Entry,2026-06-14 12:59,2026-06-14 21:59,SELL,0.1681,0.171,0.15939999999999996,B,Europe,LOSS,-1.0
ADAUSDT,Zone Entry,2026-06-23 04:59,2026-06-24 15:59,SELL,0.1583,0.163,0.14419999999999997,A,Asia,WIN,3.0
ADAUSDT,Zone Entry,2026-06-24 16:59,2026-06-24 20:59,SELL,0.1414,0.1452,0.13,B,US,LOSS,-1.0
ADAUSDT,Zone Entry,2026-07-12 05:59,2026-07-13 17:59,SELL,0.1639,0.1663,0.15669999999999995,A,Asia,WIN,3.0
ADAUSDT,Zone Entry,2026-08-03 12:59,2026-08-06 15:59,BUY,0.189,0.1839,0.20429999999999998,B,Europe,WIN,3.0
ADAUSDT,Zone Entry,2026-08-11 14:59,2026-08-17 10:59,SELL,0.1848,0.1885,0.17369999999999997,B,Europe,WIN,3.0
ADAUSDT,Zone Entry,2026-08-14 02:59,2026-08-17 10:59,SELL,0.1819,0.1848,0.17320000000000005,A,Asia,WIN,3.0
ADAUSDT,Zone Entry,2026-08-30 20:59,2026-09-03 01:59,SELL,0.2011,0.2051,0.1891,B,US,LOSS,-1.0
ADAUSDT,Zone Entry,2026-09-08 06:59,2026-09-08 15:59,SELL,0.2163,0.2224,0.198,A,Asia,LOSS,-1.0
ADAUSDT,Zone Entry,2026-09-11 10:59,2026-09-11 12:59,SELL,0.2023,0.2075,0.18670000000000006,A,Europe,LOSS,-1.0
ADAUSDT,Zone Entry,2026-09-15 03:59,2026-09-18 02:59,SELL,0.2051,0.213,0.18140000000000003,A,Asia,LOSS,-1.0
ADAUSDT,Zone Entry,2026-09-21 19:59,,BUY,0.2449,0.2323,0.2827,A,US,OPEN,0.0
ADAUSDT,Momentum Continuation,2025-12-07 17:59,2025-12-07 21:59,BUY,0.4299,0.425601,0.442797,A,US,LOSS,-1.0
ADAUSDT,Momentum Continuation,2026-02-03 18:59,2026-02-03 19:59,SELL,0.2823,0.285123,0.273831,A+,US,LOSS,-1.0
ADAUSDT,Momentum Continuation,2026-03-16 06:59,2026-03-16 08:59,BUY,0.2899,0.287001,0.298597,B,Asia,LOSS,-1.0
ADAUSDT,Momentum Continuation,2026-04-13 14:59,2026-04-13 15:59,BUY,0.243,0.24056999999999998,0.25029,A+,Europe,LOSS,-1.0
ADAUSDT,Momentum Continuation,2026-06-04 01:59,2026-06-04 02:59,SELL,0.1924,0.194324,0.186628,A,Asia,LOSS,-1.0
ADAUSDT,Momentum Continuation,2026-06-24 17:59,2026-06-24 18:59,SELL,0.14,0.14140000000000003,0.1358,A,US,LOSS,-1.0
ADAUSDT,Momentum Continuation,2026-07-12 00:59,2026-07-12 01:59,SELL,0.1635,0.165135,0.158595,B,Asia,LOSS,-1.0
ADAUSDT,Momentum Continuation,2026-07-17 16:59,2026-07-18 13:59,BUY,0.1659,0.164241,0.170877,B,US,LOSS,-1.0
ADAUSDT,Momentum Continuation,2026-08-06 15:59,2026-08-06 16:59,BUY,0.2089,0.206811,0.215167,B,Europe,LOSS,-1.0
ADAUSDT,Mean Reversion,2025-10-08 10:59,2025-10-08 13:59,BUY,0.8242,0.8159580000000001,0.848084,B,Europe,LOSS,-1.0
ADAUSDT,Mean Reversion,2025-10-08 16:59,2025-10-08 17:59,BUY,0.8272,0.818928,0.8439599999999998,A+,US,WIN,2.026
ADAUSDT,Mean Reversion,2025-10-11 17:59,2025-10-11 19:59,BUY,0.6562,0.649638,0.7389399999999999,A+,US,LOSS,-1.0
ADAUSDT,Mean Reversion,2025-10-14 05:59,2025-10-14 06:59,SELL,0.6965,0.703465,0.6963320000000002,A,Asia,WIN,0.024
ADAUSDT,Mean Reversion,2025-10-22 23:59,2025-10-23 13:59,BUY,0.6234,0.617166,0.6443999999999991,A+,US,WIN,3.369
ADAUSDT,Mean Reversion,2025-10-28 22:59,2025-10-29 00:59,BUY,0.6478,0.6413220000000001,0.6709699999999998,A+,US,LOSS,-1.0
ADAUSDT,Mean Reversion,2025-10-29 06:59,2025-10-29 15:59,BUY,0.6452,0.638748,0.6645679999999996,A,Asia,LOSS,-1.0
ADAUSDT,Mean Reversion,2025-10-29 11:59,2025-10-29 14:59,BUY,0.6493,0.642807,0.6608779999999996,B,Europe,LOSS,-1.0
ADAUSDT,Mean Reversion,2025-11-03 08:59,2025-11-03 10:59,BUY,0.5791,0.573309,0.6042780000000001,B,Europe,LOSS,-1.0
ADAUSDT,Mean Reversion,2025-11-05 03:59,2025-11-05 08:59,BUY,0.5325,0.527175,0.5492239999999998,A,Asia,LOSS,-1.0
ADAUSDT,Mean Reversion,2025-11-07 23:59,2025-11-08 00:59,SELL,0.576,0.5817599999999999,0.5424859999999999,A+,US,LOSS,-1.0
ADAUSDT,Mean Reversion,2025-11-10 14:59,2025-11-10 15:59,SELL,0.5844,0.590244,0.572432,B,Europe,LOSS,-1.0
ADAUSDT,Mean Reversion,2025-11-12 20:59,2025-11-13 10:59,BUY,0.5473,0.5418270000000001,0.5711479999999998,A+,US,WIN,4.357
ADAUSDT,Mean Reversion,2025-11-16 22:59,2025-11-16 23:59,BUY,0.4831,0.47826899999999994,0.5006459999999997,A+,US,LOSS,-1.0
ADAUSDT,Mean Reversion,2025-11-17 23:59,2025-11-18 00:59,BUY,0.4659,0.46124099999999996,0.4887179999999997,A+,US,LOSS,-1.0
ADAUSDT,Mean Reversion,2025-11-19 20:59,2025-11-20 00:59,BUY,0.45,0.4455,0.46566799999999964,A+,US,WIN,3.482
ADAUSDT,Mean Reversion,2025-11-21 21:59,2025-11-21 22:59,BUY,0.4121,0.40797900000000004,0.43767999999999974,A+,US,LOSS,-1.0
ADAUSDT,Mean Reversion,2025-11-22 14:59,2025-11-23 14:59,BUY,0.3985,0.394515,0.41649399999999964,B,Europe,WIN,4.515
ADAUSDT,Mean Reversion,2025-12-07 21:59,2025-12-07 22:59,SELL,0.4208,0.425008,0.4165679999999996,A+,US,WIN,1.006
ADAUSDT,Mean Reversion,2025-12-11 00:59,2025-12-11 01:59,SELL,0.4446,0.449046,0.45457799999999965,A,Asia,WIN,2.244
ADAUSDT,Mean Reversion,2025-12-15 21:59,2025-12-16 03:59,BUY,0.3837,0.379863,0.4003099999999997,A+,US,LOSS,-1.0
ADAUSDT,Mean Reversion,2025-12-19 03:59,2025-12-19 07:59,BUY,0.3595,0.35590499999999997,0.3678539999999993,A,Asia,WIN,2.324
ADAUSDT,Mean Reversion,2025-12-21 16:59,2025-12-21 22:59,BUY,0.3628,0.359172,0.3726519999999996,A+,US,LOSS,-1.0
ADAUSDT,Mean Reversion,2025-12-29 16:59,2025-12-29 17:59,SELL,0.3597,0.36329700000000004,0.36838799999999966,A+,US,WIN,2.415
ADAUSDT,Mean Reversion,2025-12-30 14:59,2025-12-30 15:59,BUY,0.3551,0.351549,0.36250399999999944,B,Europe,LOSS,-1.0
ADAUSDT,Mean Reversion,2025-12-31 02:59,2025-12-31 08:59,BUY,0.3529,0.349371,0.3587459999999995,A,Asia,LOSS,-1.0
ADAUSDT,Mean Reversion,2026-01-02 07:59,2026-01-02 09:59,SELL,0.3555,0.359055,0.34513599999999994,A,Asia,LOSS,-1.0
ADAUSDT,Mean Reversion,2026-01-03 15:59,2026-01-03 21:59,SELL,0.3861,0.389961,0.37315800000000005,B,Europe,LOSS,-1.0
ADAUSDT,Mean Reversion,2026-01-04 22:59,2026-01-04 23:59,SELL,0.3984,0.40238399999999996,0.3939539999999995,A+,US,LOSS,-1.0
ADAUSDT,Mean Reversion,2026-01-06 07:59,2026-01-06 10:59,SELL,0.4146,0.418746,0.4067879999999996,A,Asia,LOSS,-1.0
ADAUSDT,Mean Reversion,2026-01-08 15:59,2026-01-08 16:59,BUY,0.3949,0.390951,0.40522399999999975,B,Europe,LOSS,-1.0
ADAUSDT,Mean Reversion,2026-01-14 17:59,2026-01-15 02:59,SELL,0.4162,0.420362,0.40496199999999966,A+,US,WIN,2.7
ADAUSDT,Mean Reversion,2026-01-15 22:59,2026-01-16 02:59,BUY,0.3936,0.389664,0.41043999999999964,A+,US,LOSS,-1.0
ADAUSDT,Mean Reversion,2026-01-26 00:59,2026-01-26 14:59,BUY,0.3437,0.340263,0.35464799999999946,A,Asia,WIN,3.185
ADAUSDT,Mean Reversion,2026-02-06 16:59,2026-02-06 17:59,BUY,0.2782,0.275418,0.2686979999999995,A+,US,WIN,3.416
ADAUSDT,Mean Reversion,2026-02-13 22:59,2026-02-14 01:59,SELL,0.2726,0.275326,0.2634239999999993,A+,US,LOSS,-1.0
ADAUSDT,Mean Reversion,2026-02-20 23:59,2026-02-22 03:59,SELL,0.2847,0.287547,0.27569199999999927,A+,US,WIN,3.164
ADAUSDT,Mean Reversion,2026-02-24 16:59,2026-02-24 21:59,BUY,0.2616,0.258984,0.26389599999999935,A+,US,LOSS,-1.0
ADAUSDT,Mean Reversion,2026-02-27 19:59,2026-02-27 20:59,SELL,0.2754,0.27815399999999996,0.29012999999999933,A+,US,LOSS,-1.0
ADAUSDT,Mean Reversion,2026-02-28 20:59,2026-02-28 21:59,BUY,0.2804,0.27759599999999995,0.27834399999999926,A+,US,LOSS,-1.0
ADAUSDT,Mean Reversion,2026-03-10 11:59,2026-03-10 13:59,SELL,0.2641,0.266741,0.2557939999999993,B,Europe,LOSS,-1.0
ADAUSDT,Mean Reversion,2026-03-10 17:59,2026-03-11 05:59,SELL,0.2688,0.271488,0.2576859999999994,A+,US,WIN,4.135
ADAUSDT,Mean Reversion,2026-03-13 14:59,2026-03-13 22:59,SELL,0.2733,0.276033,0.26542599999999944,B,Europe,WIN,2.881
ADAUSDT,Mean Reversion,2026-03-14 21:59,2026-03-15 04:59,BUY,0.26,0.2574,0.2661839999999994,A+,US,WIN,2.378
ADAUSDT,Mean Reversion,2026-04-20 00:59,2026-04-20 18:59,BUY,0.2441,0.241659,0.24972599999999956,A,Asia,WIN,2.305
ADAUSDT,Mean Reversion,2026-04-29 11:59,2026-04-29 13:59,SELL,0.2512,0.253712,0.2472159999999996,B,Europe,WIN,1.586
ADAUSDT,Mean Reversion,2026-05-09 09:59,2026-05-10 14:59,SELL,0.273,0.27573000000000003,0.26747199999999954,B,Europe,LOSS,-1.0
ADAUSDT,Mean Reversion,2026-05-12 19:59,2026-05-13 09:59,BUY,0.2718,0.269082,0.2776939999999995,A+,US,WIN,2.169
ADAUSDT,Mean Reversion,2026-05-14 14:59,2026-05-14 15:59,BUY,0.2701,0.267399,0.26816599999999946,B,Europe,WIN,0.716
ADAUSDT,Mean Reversion,2026-05-23 14:59,2026-05-23 20:59,BUY,0.2425,0.24007499999999998,0.24693799999999957,B,Europe,WIN,1.83
ADAUSDT,Mean Reversion,2026-05-28 15:59,2026-05-28 18:59,BUY,0.233,0.23067000000000001,0.23742599999999942,B,Europe,WIN,1.9
ADAUSDT,Mean Reversion,2026-06-01 16:59,2026-06-02 01:59,BUY,0.2302,0.227898,0.2346579999999996,A+,US,LOSS,-1.0
ADAUSDT,Mean Reversion,2026-06-12 05:59,2026-06-12 09:59,SELL,0.17,0.17170000000000002,0.16499199999999944,A,Asia,LOSS,-1.0
ADAUSDT,Mean Reversion,2026-06-15 01:59,2026-06-15 02:59,SELL,0.1803,0.182103,0.1717059999999995,A,Asia,LOSS,-1.0
ADAUSDT,Mean Reversion,2026-06-17 17:59,2026-06-17 18:59,BUY,0.1723,0.170577,0.17539799999999947,A+,US,LOSS,-1.0
ADAUSDT,Mean Reversion,2026-06-18 07:59,2026-06-18 11:59,BUY,0.1666,0.164934,0.17156399999999944,A,Asia,LOSS,-1.0
ADAUSDT,Mean Reversion,2026-06-18 19:59,2026-06-19 03:59,BUY,0.1629,0.161271,0.1683859999999995,A+,US,LOSS,-1.0
ADAUSDT,Mean Reversion,2026-07-01 21:59,2026-07-01 22:59,BUY,0.1573,0.155727,0.1476579999999993,A+,US,LOSS,-1.0
ADAUSDT,Mean Reversion,2026-07-07 12:59,2026-07-07 13:59,BUY,0.1789,0.177111,0.1845399999999995,B,Europe,LOSS,-1.0
ADAUSDT,Mean Reversion,2026-07-11 22:59,2026-07-11 23:59,SELL,0.1686,0.170286,0.16771399999999925,A+,US,WIN,0.526
ADAUSDT,Mean Reversion,2026-07-14 13:59,2026-07-14 14:59,BUY,0.1636,0.161964,0.16006999999999938,B,Europe,WIN,2.158
ADAUSDT,Mean Reversion,2026-07-18 04:59,2026-07-19 02:59,SELL,0.1668,0.168468,0.16299199999999947,A,Asia,LOSS,-1.0
ADAUSDT,Mean Reversion,2026-07-24 07:59,2026-07-24 09:59,BUY,0.168,0.16632,0.17207199999999945,A,Asia,LOSS,-1.0
ADAUSDT,Mean Reversion,2026-07-29 18:59,2026-07-29 19:59,BUY,0.1679,0.16622099999999998,0.15999799999999934,A+,US,LOSS,-1.0
ADAUSDT,Mean Reversion,2026-07-30 16:59,2026-07-30 18:59,SELL,0.1706,0.17230600000000001,0.16342599999999932,A+,US,LOSS,-1.0
ADAUSDT,Mean Reversion,2026-08-11 01:59,2026-08-11 05:59,BUY,0.191,0.18909,0.1962099999999994,A,Asia,LOSS,-1.0
ADAUSDT,Mean Reversion,2026-08-12 09:59,2026-08-12 12:59,BUY,0.187,0.18513,0.18951599999999938,B,Europe,LOSS,-1.0
ADAUSDT,Mean Reversion,2026-08-16 07:59,2026-08-16 10:59,BUY,0.1776,0.175824,0.17885999999999938,A,Asia,LOSS,-1.0
ADAUSDT,Mean Reversion,2026-08-26 18:59,2026-08-26 20:59,BUY,0.206,0.20393999999999998,0.21491799999999928,A+,US,LOSS,-1.0
ADAUSDT,Mean Reversion,2026-08-29 23:59,2026-08-30 13:59,BUY,0.2016,0.199584,0.2043259999999992,A+,US,WIN,1.352
ADAUSDT,Mean Reversion,2026-09-11 12:59,2026-09-11 13:59,BUY,0.2088,0.206712,0.21105399999999924,B,Europe,LOSS,-1.0
ADAUSDT,Mean Reversion,2026-09-23 14:59,2026-09-23 15:59,SELL,0.2399,0.24229900000000001,0.2493919999999993,B,Europe,WIN,3.957
ADAUSDT,Mean Reversion,2026-09-26 22:59,2026-09-26 23:59,SELL,0.2521,0.254621,0.25380799999999915,A+,US,WIN,0.678
SOLUSDT,Zone Entry,2025-10-12 00:59,2025-10-12 07:59,SELL,172.93,182.4,144.52,A,Asia,LOSS,-1.0
SOLUSDT,Zone Entry,2025-10-18 06:59,2025-10-22 19:59,BUY,186.24,178.32,210.00000000000006,A,Asia,LOSS,-1.0
SOLUSDT,Zone Entry,2025-10-21 04:59,2025-10-21 14:59,SELL,183.66,188.89,167.97000000000003,A,Asia,LOSS,-1.0
SOLUSDT,Zone Entry,2025-10-22 17:59,2025-10-23 08:59,SELL,181.59,188.49,160.89,B,US,LOSS,-1.0
SOLUSDT,Zone Entry,2025-10-23 16:59,2025-10-30 13:59,BUY,191.87,184.72,213.32000000000002,B,US,LOSS,-1.0
SOLUSDT,Zone Entry,2025-11-11 15:59,2025-11-17 16:59,SELL,160.81,169.84,133.72,A,Europe,WIN,3.0
SOLUSDT,Zone Entry,2025-11-24 09:59,2025-11-24 16:59,SELL,128.82,132.86,116.69999999999993,A,Europe,LOSS,-1.0
SOLUSDT,Zone Entry,2025-12-02 13:59,2025-12-15 18:59,BUY,130.54,124.34,149.13999999999996,A,Europe,LOSS,-1.0
SOLUSDT,Zone Entry,2025-12-03 05:59,2025-12-03 14:59,BUY,143.0,140.29,151.13000000000002,A,Asia,LOSS,-1.0
SOLUSDT,Zone Entry,2025-12-11 03:59,2025-12-11 18:59,SELL,129.28,132.81,118.69,A,Asia,LOSS,-1.0
SOLUSDT,Zone Entry,2025-12-22 20:59,2025-12-23 00:59,SELL,124.34,126.44,118.04000000000002,A,US,LOSS,-1.0
SOLUSDT,Zone Entry,2025-12-29 12:59,2025-12-30 16:59,SELL,123.63,125.65,117.56999999999996,B,Europe,LOSS,-1.0
SOLUSDT,Zone Entry,2026-01-28 06:59,2026-01-28 15:59,BUY,127.35,125.79,132.02999999999997,B,Asia,LOSS,-1.0
SOLUSDT,Zone Entry,2026-02-04 14:59,2026-02-05 17:59,SELL,93.02,96.4,82.87999999999997,B,Europe,WIN,3.0
SOLUSDT,Zone Entry,2026-02-05 13:59,2026-02-06 00:59,SELL,88.44,92.47,76.35,A,Europe,WIN,3.0
SOLUSDT,Zone Entry,2026-02-10 10:59,2026-02-11 15:59,SELL,84.16,85.88,79.0,B,Europe,WIN,3.0
SOLUSDT,Zone Entry,2026-02-14 11:59,2026-02-15 20:59,BUY,87.22,85.13,93.49000000000001,B,Europe,LOSS,-1.0
SOLUSDT,Zone Entry,2026-02-17 02:59,2026-02-17 14:59,BUY,87.26,83.16,99.56000000000003,A,Asia,LOSS,-1.0
SOLUSDT,Zone Entry,2026-02-20 09:59,2026-02-23 01:59,BUY,84.16,80.43,95.34999999999997,B,Europe,LOSS,-1.0
SOLUSDT,Zone Entry,2026-02-25 15:59,2026-02-27 11:59,BUY,85.92,83.79,92.30999999999999,B,Europe,LOSS,-1.0
SOLUSDT,Zone Entry,2026-03-01 00:59,2026-03-01 20:59,BUY,84.82,82.15,92.82999999999996,B,Asia,LOSS,-1.0
SOLUSDT,Zone Entry,2026-03-03 22:59,2026-03-07 18:59,BUY,86.24,83.19,95.38999999999999,B,US,LOSS,-1.0
SOLUSDT,Zone Entry,2026-03-11 07:59,2026-03-11 18:59,SELL,85.39,87.9,77.85999999999999,B,Asia,LOSS,-1.0
SOLUSDT,Zone Entry,2026-03-13 11:59,2026-03-13 14:59,BUY,90.27,89.46,92.7,B,Europe,WIN,3.0
SOLUSDT,Zone Entry,2026-03-24 09:59,2026-03-24 13:59,BUY,92.08,90.41,97.09,B,Europe,LOSS,-1.0
SOLUSDT,Zone Entry,2026-03-30 04:59,2026-03-31 09:59,BUY,83.73,81.83,89.43000000000002,B,Asia,LOSS,-1.0
SOLUSDT,Zone Entry,2026-04-01 21:59,2026-04-07 22:59,SELL,81.82,83.8,75.87999999999998,B,US,LOSS,-1.0
SOLUSDT,Zone Entry,2026-04-07 14:59,2026-04-07 17:59,SELL,78.54,80.34,73.14000000000001,A,Europe,LOSS,-1.0
SOLUSDT,Zone Entry,2026-04-22 05:59,2026-04-23 00:59,BUY,88.0,86.22,93.34,B,Asia,LOSS,-1.0
SOLUSDT,Zone Entry,2026-04-23 02:59,2026-05-06 08:59,SELL,85.89,88.69,77.49000000000001,B,Asia,LOSS,-1.0
SOLUSDT,Zone Entry,2026-04-29 04:59,2026-04-29 12:59,BUY,84.9,83.99,87.63000000000004,B,Asia,LOSS,-1.0
SOLUSDT,Zone Entry,2026-05-04 20:59,2026-05-05 13:59,SELL,84.04,85.74,78.94000000000004,A,US,LOSS,-1.0
SOLUSDT,Zone Entry,2026-05-07 20:59,2026-05-08 16:59,SELL,88.02,89.71,82.95,B,US,LOSS,-1.0
SOLUSDT,Zone Entry,2026-06-03 20:59,2026-06-03 22:59,SELL,71.17,73.05,65.53000000000002,B,US,LOSS,-1.0
SOLUSDT,Zone Entry,2026-06-05 03:59,2026-06-05 18:59,SELL,67.05,68.46,62.82000000000001,B,Asia,WIN,3.0
SOLUSDT,Zone Entry,2026-06-07 06:59,2026-06-15 13:59,BUY,64.79,62.05,73.01000000000003,B,Asia,WIN,3.0
SOLUSDT,Zone Entry,2026-06-17 10:59,2026-06-17 15:59,SELL,72.1,73.23,68.70999999999997,B,Europe,LOSS,-1.0
SOLUSDT,Zone Entry,2026-06-25 05:59,2026-06-25 13:59,BUY,69.0,66.08,77.76,B,Asia,LOSS,-1.0
SOLUSDT,Zone Entry,2026-06-27 02:59,2026-06-27 22:59,BUY,72.08,70.43,77.02999999999997,B,Asia,LOSS,-1.0
SOLUSDT,Zone Entry,2026-07-06 16:59,2026-07-08 01:59,BUY,82.07,80.24,87.55999999999999,A,US,LOSS,-1.0
SOLUSDT,Zone Entry,2026-07-08 08:59,2026-08-19 14:59,SELL,77.22,80.34,67.85999999999999,A,Europe,LOSS,-1.0
SOLUSDT,Zone Entry,2026-07-16 17:59,2026-07-20 01:59,SELL,75.56,77.31,70.31,B,US,LOSS,-1.0
SOLUSDT,Zone Entry,2026-07-20 06:59,2026-07-20 09:59,SELL,75.6,76.42,73.13999999999997,A,Asia,LOSS,-1.0
SOLUSDT,Zone Entry,2026-08-06 12:59,2026-08-07 12:59,SELL,73.1,73.95,70.54999999999997,B,Europe,LOSS,-1.0
SOLUSDT,Zone Entry,2026-08-18 02:59,2026-08-18 06:59,SELL,75.24,76.01,72.92999999999996,A,Asia,LOSS,-1.0
SOLUSDT,Zone Entry,2026-08-21 22:59,2026-08-22 04:59,BUY,94.3,91.87,101.58999999999997,A,US,WIN,3.0
SOLUSDT,Zone Entry,2026-09-09 22:59,2026-09-11 13:59,SELL,100.74,103.22,93.29999999999998,B,US,LOSS,-1.0
SOLUSDT,Zone Entry,2026-09-24 18:59,,BUY,117.31,114.52,125.68000000000002,A,US,OPEN,0.0
SOLUSDT,Zone Entry,2026-10-01 12:59,,SELL,117.29,119.18,111.62,B,Europe,OPEN,0.0
SOLUSDT,Momentum Continuation,2025-11-13 18:59,2025-11-13 20:59,SELL,145.34,146.7934,140.9798,B,US,WIN,3.0
SOLUSDT,Momentum Continuation,2025-11-13 19:59,2025-11-13 22:59,SELL,142.64,144.0664,138.36079999999998,A,US,LOSS,-1.0
SOLUSDT,Momentum Continuation,2026-02-12 16:59,2026-02-13 02:59,SELL,78.27,79.0527,75.9219,A+,US,LOSS,-1.0
SOLUSDT,Momentum Continuation,2026-02-25 16:59,2026-02-25 21:59,BUY,87.5,86.625,90.125,A+,US,WIN,3.0
SOLUSDT,Momentum Continuation,2026-02-25 17:59,2026-02-25 21:59,BUY,88.52,87.6348,91.1756,B,US,WIN,3.0
SOLUSDT,Momentum Continuation,2026-05-14 16:59,2026-05-14 17:59,BUY,93.27,92.3373,96.0681,B,US,LOSS,-1.0
SOLUSDT,Momentum Continuation,2026-06-14 23:59,2026-06-15 13:59,BUY,71.24,70.52759999999999,73.3772,A+,US,WIN,3.0
SOLUSDT,Momentum Continuation,2026-06-24 17:59,2026-06-24 18:59,SELL,64.93,65.5793,62.9821,A,US,LOSS,-1.0
SOLUSDT,Mean Reversion,2025-10-08 17:59,2025-10-08 18:59,BUY,226.75,224.4825,226.61320000000006,A+,US,WIN,0.06
SOLUSDT,Mean Reversion,2025-10-13 03:59,2025-10-13 06:59,SELL,194.63,196.5763,184.82219999999998,A,Asia,LOSS,-1.0
SOLUSDT,Mean Reversion,2025-10-17 15:59,2025-10-19 10:59,BUY,182.65,180.8235,189.2302000000001,B,Europe,WIN,3.603
SOLUSDT,Mean Reversion,2025-10-24 09:59,2025-10-24 12:59,SELL,192.03,193.9503,187.12979999999993,B,Europe,LOSS,-1.0
SOLUSDT,Mean Reversion,2025-10-27 20:59,2025-10-27 21:59,SELL,198.63,200.6163,198.3913999999998,A+,US,WIN,0.12
SOLUSDT,Mean Reversion,2025-10-31 04:59,2025-10-31 07:59,BUY,186.53,184.6647,191.64380000000006,A,Asia,LOSS,-1.0
SOLUSDT,Mean Reversion,2025-11-05 13:59,2025-11-05 14:59,BUY,159.34,157.7466,161.07820000000004,B,Europe,LOSS,-1.0
SOLUSDT,Mean Reversion,2025-11-10 14:59,2025-11-10 17:59,SELL,166.09,167.7509,161.97760000000002,B,Europe,LOSS,-1.0
SOLUSDT,Mean Reversion,2025-11-12 10:59,2025-11-12 14:59,BUY,160.14,158.53859999999997,162.49659999999983,B,Europe,LOSS,-1.0
SOLUSDT,Mean Reversion,2025-11-23 13:59,2025-11-23 14:59,BUY,131.5,130.185,128.00659999999968,B,Europe,WIN,2.657
SOLUSDT,Mean Reversion,2025-11-27 08:59,2025-11-28 01:59,SELL,142.5,143.925,139.02139999999977,B,Europe,WIN,2.441
SOLUSDT,Mean Reversion,2025-11-29 21:59,2025-11-30 13:59,BUY,136.38,135.0162,138.5415999999999,A+,US,WIN,1.585
SOLUSDT,Mean Reversion,2025-12-05 16:59,2025-12-05 17:59,SELL,132.13,133.4513,140.71819999999983,A+,US,WIN,6.5
SOLUSDT,Mean Reversion,2025-12-08 14:59,2025-12-08 18:59,SELL,137.11,138.48110000000003,133.67219999999983,B,Europe,WIN,2.507
SOLUSDT,Mean Reversion,2025-12-09 20:59,2025-12-10 20:59,SELL,140.12,141.5212,135.16279999999983,A+,US,LOSS,-1.0
SOLUSDT,Mean Reversion,2025-12-11 13:59,2025-12-11 14:59,BUY,131.25,129.9375,136.06879999999984,B,Europe,LOSS,-1.0
SOLUSDT,Mean Reversion,2025-12-15 23:59,2025-12-16 00:59,BUY,127.73,126.45270000000001,130.6457999999998,A+,US,LOSS,-1.0
SOLUSDT,Mean Reversion,2025-12-19 02:59,2025-12-19 07:59,BUY,118.89,117.7011,124.1925999999998,A,Asia,WIN,4.46
SOLUSDT,Mean Reversion,2025-12-24 12:59,2025-12-24 14:59,BUY,122.39,121.1661,124.2891999999998,B,Europe,LOSS,-1.0
SOLUSDT,Mean Reversion,2025-12-29 05:59,2025-12-29 12:59,SELL,127.7,128.977,124.27059999999976,A,Asia,WIN,2.686
SOLUSDT,Mean Reversion,2026-01-02 11:59,2026-01-02 14:59,SELL,128.19,129.4719,125.71399999999977,B,Europe,LOSS,-1.0
SOLUSDT,Mean Reversion,2026-01-03 07:59,2026-01-03 09:59,SELL,130.05,131.3505,128.0909999999998,A,Asia,LOSS,-1.0
SOLUSDT,Mean Reversion,2026-01-12 08:59,2026-01-12 15:59,SELL,139.98,141.3798,137.8403999999998,B,Europe,LOSS,-1.0
SOLUSDT,Mean Reversion,2026-01-12 17:59,2026-01-12 21:59,SELL,141.89,143.3089,138.6077999999998,A+,US,WIN,2.313
SOLUSDT,Mean Reversion,2026-01-26 13:59,2026-01-26 15:59,BUY,123.08,121.8492,124.4159999999998,B,Europe,WIN,1.085
SOLUSDT,Mean Reversion,2026-02-11 13:59,2026-02-11 14:59,BUY,81.61,80.7939,84.16659999999982,B,Europe,LOSS,-1.0
SOLUSDT,Mean Reversion,2026-02-19 01:59,2026-02-19 10:59,BUY,81.82,81.00179999999999,84.20659999999981,A,Asia,LOSS,-1.0
SOLUSDT,Mean Reversion,2026-02-22 02:59,2026-02-22 12:59,SELL,84.9,85.74900000000001,84.56299999999983,A,Asia,WIN,0.397
SOLUSDT,Mean Reversion,2026-02-25 03:59,2026-02-25 09:59,SELL,81.72,82.5372,78.38559999999978,A,Asia,LOSS,-1.0
SOLUSDT,Mean Reversion,2026-02-28 20:59,2026-02-28 21:59,BUY,84.83,83.9817,82.87179999999971,A+,US,LOSS,-1.0
SOLUSDT,Mean Reversion,2026-03-01 08:59,2026-03-01 13:59,SELL,85.17,86.0217,82.7729999999997,B,Europe,LOSS,-1.0
SOLUSDT,Mean Reversion,2026-03-05 17:59,2026-03-05 18:59,SELL,88.07,88.9507,89.2155999999998,A+,US,WIN,1.301
SOLUSDT,Mean Reversion,2026-03-23 13:59,2026-03-23 14:59,BUY,91.31,90.3969,87.79619999999971,B,Europe,WIN,3.848
SOLUSDT,Mean Reversion,2026-04-02 07:59,2026-04-02 10:59,BUY,79.59,78.7941,82.1821999999998,A,Asia,LOSS,-1.0
SOLUSDT,Mean Reversion,2026-04-08 00:59,2026-04-09 22:59,SELL,84.74,85.5874,81.16599999999977,A,Asia,LOSS,-1.0
SOLUSDT,Mean Reversion,2026-04-12 20:59,2026-04-12 22:59,BUY,82.64,81.8136,83.6687999999998,A+,US,LOSS,-1.0
SOLUSDT,Mean Reversion,2026-04-17 18:59,2026-04-18 10:59,SELL,89.12,90.0112,87.01879999999976,A+,US,WIN,2.358
SOLUSDT,Mean Reversion,2026-04-20 09:59,2026-04-20 14:59,BUY,85.04,84.1896,85.51199999999973,B,Europe,WIN,0.555
SOLUSDT,Mean Reversion,2026-04-22 16:59,2026-04-23 00:59,SELL,87.63,88.5063,86.33699999999985,A+,US,WIN,1.476
SOLUSDT,Mean Reversion,2026-04-29 03:59,2026-04-29 04:59,BUY,84.55,83.7045,84.4717999999998,A,Asia,WIN,0.092
SOLUSDT,Mean Reversion,2026-05-05 23:59,2026-05-06 03:59,SELL,86.24,87.10239999999999,84.9093999999998,A+,US,LOSS,-1.0
SOLUSDT,Mean Reversion,2026-05-10 12:59,2026-05-10 15:59,SELL,93.25,94.1825,92.6365999999998,B,Europe,LOSS,-1.0
SOLUSDT,Mean Reversion,2026-05-10 20:59,2026-05-10 21:59,SELL,94.47,95.4147,93.50079999999984,A+,US,LOSS,-1.0
SOLUSDT,Mean Reversion,2026-05-14 15:59,2026-05-14 16:59,BUY,93.1,92.169,92.75259999999979,B,Europe,WIN,0.373
SOLUSDT,Mean Reversion,2026-05-23 19:59,2026-05-23 20:59,BUY,84.91,84.06089999999999,85.43899999999981,A+,US,WIN,0.623
SOLUSDT,Mean Reversion,2026-05-28 06:59,2026-05-28 14:59,BUY,80.9,80.09100000000001,83.63059999999979,A,Asia,LOSS,-1.0
SOLUSDT,Mean Reversion,2026-06-01 16:59,2026-06-02 02:59,BUY,80.36,79.5564,82.09319999999978,A+,US,LOSS,-1.0
SOLUSDT,Mean Reversion,2026-06-05 09:59,2026-06-05 11:59,BUY,66.51,65.84490000000001,70.21739999999978,B,Europe,LOSS,-1.0
SOLUSDT,Mean Reversion,2026-06-10 13:59,2026-06-10 15:59,BUY,65.03,64.3797,65.65959999999977,B,Europe,WIN,0.968
SOLUSDT,Mean Reversion,2026-06-20 03:59,2026-06-20 04:59,BUY,69.97,69.27029999999999,69.70399999999978,A,Asia,WIN,0.38
SOLUSDT,Mean Reversion,2026-06-20 07:59,2026-06-20 15:59,SELL,71.55,72.2655,69.70359999999978,A,Asia,LOSS,-1.0
SOLUSDT,Mean Reversion,2026-06-23 05:59,2026-06-23 06:59,SELL,71.0,71.71,73.27779999999974,A,Asia,WIN,3.208
SOLUSDT,Mean Reversion,2026-06-26 21:59,2026-06-27 14:59,SELL,71.95,72.6695,68.61539999999978,A+,US,LOSS,-1.0
SOLUSDT,Mean Reversion,2026-07-01 23:59,2026-07-02 01:59,SELL,77.42,78.19420000000001,74.81859999999975,A+,US,LOSS,-1.0
SOLUSDT,Mean Reversion,2026-07-05 02:59,2026-07-05 03:59,SELL,80.33,81.1333,81.78339999999979,A,Asia,WIN,1.809
SOLUSDT,Mean Reversion,2026-07-09 06:59,2026-07-09 10:59,BUY,78.44,77.65559999999999,79.1135999999997,A,Asia,LOSS,-1.0
SOLUSDT,Mean Reversion,2026-07-12 09:59,2026-07-13 00:59,BUY,76.7,75.933,77.7953999999997,B,Europe,WIN,1.428
SOLUSDT,Mean Reversion,2026-07-17 00:59,2026-07-17 02:59,BUY,75.51,74.7549,76.9519999999997,A,Asia,LOSS,-1.0
SOLUSDT,Mean Reversion,2026-07-17 15:59,2026-07-19 02:59,BUY,74.74,73.9926,76.0463999999997,B,Europe,WIN,1.748
SOLUSDT,Mean Reversion,2026-07-20 06:59,2026-07-20 07:59,SELL,75.6,76.356,75.70359999999965,A,Asia,WIN,0.137
SOLUSDT,Mean Reversion,2026-07-21 10:59,2026-07-23 12:59,SELL,78.16,78.9416,76.91259999999967,B,Europe,WIN,1.596
SOLUSDT,Mean Reversion,2026-07-26 22:59,2026-07-26 23:59,BUY,76.69,75.92309999999999,74.59099999999971,A+,US,WIN,2.737
SOLUSDT,Mean Reversion,2026-07-27 00:59,2026-07-27 13:59,SELL,76.31,77.0731,74.70179999999971,A,Asia,LOSS,-1.0
SOLUSDT,Mean Reversion,2026-07-28 06:59,2026-07-28 13:59,BUY,73.41,72.6759,75.37339999999968,A,Asia,LOSS,-1.0
SOLUSDT,Mean Reversion,2026-08-11 17:59,2026-08-11 21:59,BUY,75.12,74.36880000000001,76.28159999999968,A+,US,WIN,1.546
SOLUSDT,Mean Reversion,2026-08-22 14:59,2026-08-22 16:59,SELL,93.26,94.19260000000001,91.29659999999973,B,Europe,LOSS,-1.0
SOLUSDT,Mean Reversion,2026-08-25 11:59,2026-08-25 13:59,SELL,98.6,99.586,96.59879999999974,B,Europe,WIN,2.03
SOLUSDT,Mean Reversion,2026-08-28 21:59,2026-08-28 22:59,SELL,103.4,104.43400000000001,104.9013999999997,A+,US,WIN,1.452
SOLUSDT,Mean Reversion,2026-09-03 02:59,2026-09-03 03:59,BUY,101.06,100.0494,100.49639999999974,A,Asia,WIN,0.558
SOLUSDT,Mean Reversion,2026-09-06 06:59,2026-09-06 09:59,SELL,105.32,106.3732,102.89779999999965,A,Asia,LOSS,-1.0
SOLUSDT,Mean Reversion,2026-09-06 14:59,2026-09-06 23:59,SELL,105.67,106.72670000000001,103.30879999999962,B,Europe,LOSS,-1.0
SOLUSDT,Mean Reversion,2026-09-13 14:59,2026-09-13 22:59,BUY,100.63,99.6237,101.59579999999968,B,Europe,LOSS,-1.0
SOLUSDT,Mean Reversion,2026-09-14 21:59,2026-09-15 03:59,SELL,103.16,104.1916,101.25339999999962,A+,US,WIN,1.848
SOLUSDT,Mean Reversion,2026-09-16 20:59,2026-09-16 22:59,BUY,98.67,97.6833,99.12579999999969,A+,US,LOSS,-1.0
SOLUSDT,Mean Reversion,2026-09-17 18:59,2026-09-18 01:59,SELL,100.81,101.8181,98.50719999999964,A+,US,LOSS,-1.0
SOLUSDT,Mean Reversion,2026-09-23 15:59,2026-09-23 16:59,SELL,113.79,114.92790000000001,117.64119999999971,B,Europe,LOSS,-1.0
SOLUSDT,Mean Reversion,2026-09-28 07:59,2026-09-28 08:59,SELL,117.99,119.1699,121.3895999999996,A,Asia,WIN,2.881
AVAXUSDT,Zone Entry,2025-10-17 04:59,2025-10-22 21:59,SELL,20.734,21.482,18.49000000000001,B,Asia,WIN,3.0
AVAXUSDT,Zone Entry,2025-10-21 03:59,2025-10-21 12:59,SELL,19.844,20.097,19.085,A,Asia,LOSS,-1.0
AVAXUSDT,Zone Entry,2025-10-21 22:59,2025-10-26 12:59,SELL,19.763,20.397,17.86100000000001,A,US,LOSS,-1.0
AVAXUSDT,Zone Entry,2025-10-30 13:59,2025-11-03 15:59,SELL,18.47,19.223,16.211,A,Europe,WIN,3.0
AVAXUSDT,Zone Entry,2025-11-05 00:59,2025-11-05 03:59,SELL,15.832,16.415,14.083000000000006,B,Asia,LOSS,-1.0
AVAXUSDT,Zone Entry,2025-11-05 11:59,2025-11-06 15:59,BUY,16.551,15.779,18.866999999999994,A,Europe,LOSS,-1.0
AVAXUSDT,Zone Entry,2025-11-11 07:59,2025-11-13 18:59,SELL,17.547,17.993,16.209000000000007,B,Asia,WIN,3.0
AVAXUSDT,Zone Entry,2025-11-11 18:59,2025-11-13 19:59,SELL,17.404,17.846,16.078,B,US,WIN,3.0
AVAXUSDT,Zone Entry,2025-11-17 06:59,2025-11-17 13:59,BUY,15.731,15.106,17.606,A,Asia,LOSS,-1.0
AVAXUSDT,Zone Entry,2025-12-03 12:59,2025-12-03 14:59,BUY,14.1,13.911,14.667,B,Europe,LOSS,-1.0
AVAXUSDT,Zone Entry,2025-12-08 21:59,2025-12-09 01:59,BUY,13.725,13.544,14.267999999999997,B,US,LOSS,-1.0
AVAXUSDT,Zone Entry,2025-12-19 13:59,2026-01-03 03:59,BUY,12.023,11.349,14.044999999999998,B,Europe,WIN,3.0
AVAXUSDT,Zone Entry,2026-01-02 17:59,2026-01-05 01:59,BUY,13.594,13.286,14.517999999999999,A,US,WIN,3.0
AVAXUSDT,Zone Entry,2026-01-12 08:59,2026-01-12 16:59,SELL,13.596,13.935,12.578999999999999,A,Europe,LOSS,-1.0
AVAXUSDT,Zone Entry,2026-01-23 08:59,2026-01-23 15:59,SELL,12.056,12.237,11.512999999999996,A,Europe,LOSS,-1.0
AVAXUSDT,Zone Entry,2026-01-24 07:59,2026-01-25 19:59,SELL,12.113,12.334,11.45,A,Asia,WIN,3.0
AVAXUSDT,Zone Entry,2026-02-05 14:59,2026-02-06 00:59,SELL,9.184,9.562,8.049999999999999,B,Europe,WIN,3.0
AVAXUSDT,Zone Entry,2026-02-11 05:59,2026-02-11 14:59,SELL,8.67,8.863,8.091000000000001,A,Asia,LOSS,-1.0
AVAXUSDT,Zone Entry,2026-02-15 13:59,2026-02-23 01:59,SELL,9.293,9.526,8.593999999999998,B,Europe,WIN,3.0
AVAXUSDT,Zone Entry,2026-02-15 15:59,2026-02-15 17:59,BUY,9.379,9.292,9.639999999999999,A,Europe,LOSS,-1.0
AVAXUSDT,Zone Entry,2026-02-18 21:59,2026-02-20 05:59,SELL,8.847,9.015,8.342999999999996,B,US,LOSS,-1.0
AVAXUSDT,Zone Entry,2026-02-22 02:59,2026-02-23 01:59,SELL,9.029,9.158,8.642000000000001,A,Asia,WIN,3.0
AVAXUSDT,Zone Entry,2026-02-25 10:59,2026-02-25 12:59,BUY,8.797,8.622,9.322000000000003,A,Europe,WIN,3.0
AVAXUSDT,Zone Entry,2026-03-01 01:59,2026-03-01 20:59,BUY,9.268,8.927,10.291000000000004,B,Asia,LOSS,-1.0
AVAXUSDT,Zone Entry,2026-03-14 00:59,2026-03-15 22:59,SELL,9.661,9.893,8.964999999999996,B,Asia,LOSS,-1.0
AVAXUSDT,Zone Entry,2026-03-16 22:59,2026-03-18 11:59,BUY,10.493,10.071,11.759000000000002,B,US,LOSS,-1.0
AVAXUSDT,Zone Entry,2026-03-24 23:59,2026-03-26 08:59,BUY,9.62,9.387,10.318999999999996,A,US,LOSS,-1.0
AVAXUSDT,Zone Entry,2026-03-26 09:59,2026-03-29 22:59,SELL,9.288,9.552,8.496000000000002,A,Europe,WIN,3.0
AVAXUSDT,Zone Entry,2026-04-18 23:59,2026-04-21 11:59,SELL,9.328,9.519,8.754999999999997,A,US,LOSS,-1.0
AVAXUSDT,Zone Entry,2026-05-09 19:59,2026-05-10 19:59,BUY,9.986,9.838,10.430000000000005,A,US,WIN,3.0
AVAXUSDT,Zone Entry,2026-05-20 06:59,2026-05-22 04:59,BUY,9.228,9.125,9.536999999999999,A,Asia,WIN,3.0
AVAXUSDT,Zone Entry,2026-06-01 07:59,2026-06-01 17:59,SELL,8.788,8.945,8.317,B,Asia,LOSS,-1.0
AVAXUSDT,Zone Entry,2026-06-02 05:59,2026-06-02 15:59,SELL,8.732,8.881,8.284999999999997,A,Asia,WIN,3.0
AVAXUSDT,Zone Entry,2026-06-06 04:59,2026-06-06 06:59,SELL,6.301,6.651,5.251000000000001,A,Asia,LOSS,-1.0
AVAXUSDT,Zone Entry,2026-06-10 20:59,2026-06-11 03:59,SELL,6.438,6.532,6.155999999999999,B,US,LOSS,-1.0
AVAXUSDT,Zone Entry,2026-06-22 12:59,2026-06-22 17:59,BUY,6.401,6.263,6.8149999999999995,A,Europe,LOSS,-1.0
AVAXUSDT,Zone Entry,2026-06-23 19:59,2026-06-24 16:59,BUY,6.336,6.122,6.9780000000000015,B,US,LOSS,-1.0
AVAXUSDT,Zone Entry,2026-06-26 22:59,2026-07-23 18:59,BUY,6.529,6.223,7.447,A,US,LOSS,-1.0
AVAXUSDT,Zone Entry,2026-07-05 09:59,2026-07-05 12:59,SELL,6.782,6.892,6.451999999999999,A,Europe,LOSS,-1.0
AVAXUSDT,Zone Entry,2026-07-20 05:59,2026-07-20 11:59,SELL,6.476,6.596,6.116,A,Asia,LOSS,-1.0
AVAXUSDT,Zone Entry,2026-07-29 12:59,2026-07-30 01:59,SELL,6.383,6.503,6.023,B,Europe,LOSS,-1.0
AVAXUSDT,Zone Entry,2026-08-09 19:59,2026-08-09 22:59,BUY,6.562,6.5,6.748000000000001,B,US,LOSS,-1.0
AVAXUSDT,Zone Entry,2026-08-11 01:59,2026-08-11 13:59,BUY,6.523,6.431,6.798999999999999,A,Asia,LOSS,-1.0
AVAXUSDT,Zone Entry,2026-08-13 12:59,2026-08-13 15:59,BUY,6.545,6.418,6.925999999999999,B,Europe,LOSS,-1.0
AVAXUSDT,Zone Entry,2026-08-25 23:59,2026-08-26 23:59,SELL,7.323,7.456,6.924,B,US,LOSS,-1.0
AVAXUSDT,Zone Entry,2026-09-03 04:59,2026-09-05 17:59,BUY,7.295,7.191,7.607,B,Asia,WIN,3.0
AVAXUSDT,Zone Entry,2026-09-07 12:59,2026-09-09 21:59,BUY,8.04,7.78,8.819999999999997,B,Europe,LOSS,-1.0
AVAXUSDT,Zone Entry,2026-09-13 17:59,2026-09-13 22:59,BUY,7.422,7.358,7.614,A,US,LOSS,-1.0
AVAXUSDT,Momentum Continuation,2025-11-26 18:59,2025-11-27 16:59,BUY,14.584,14.43816,15.02152,A+,US,WIN,3.0
AVAXUSDT,Momentum Continuation,2025-12-15 15:59,2025-12-16 04:59,SELL,12.485,12.60985,12.110449999999998,A,Europe,WIN,3.0
AVAXUSDT,Momentum Continuation,2026-01-01 19:59,2026-01-01 21:59,BUY,13.547,13.41153,13.953410000000002,A+,US,LOSS,-1.0
AVAXUSDT,Momentum Continuation,2026-02-03 18:59,2026-02-03 19:59,SELL,9.556,9.65156,9.269319999999999,A,US,LOSS,-1.0
AVAXUSDT,Momentum Continuation,2026-02-18 18:59,2026-02-20 05:59,SELL,8.918,9.00718,8.650459999999999,A,US,LOSS,-1.0
AVAXUSDT,Momentum Continuation,2026-05-10 17:59,2026-05-10 20:59,BUY,10.356,10.25244,10.66668,A+,US,LOSS,-1.0
AVAXUSDT,Momentum Continuation,2026-07-12 00:59,2026-07-12 03:59,SELL,6.448,6.51248,6.254560000000001,B,Asia,LOSS,-1.0
AVAXUSDT,Momentum Continuation,2026-09-19 10:59,2026-09-19 12:59,BUY,9.149,9.057509999999999,9.42347,A,Europe,LOSS,-1.0
AVAXUSDT,Mean Reversion,2025-10-08 17:59,2025-10-08 18:59,BUY,28.95,28.6605,29.213379999999997,A+,US,WIN,0.91
AVAXUSDT,Mean Reversion,2025-10-11 08:59,2025-10-11 09:59,BUY,23.099,22.86801,26.45461999999999,B,Europe,LOSS,-1.0
AVAXUSDT,Mean Reversion,2025-10-16 21:59,2025-10-16 22:59,BUY,20.924,20.71476,22.07545999999999,A+,US,LOSS,-1.0
AVAXUSDT,Mean Reversion,2025-10-22 23:59,2025-10-23 16:59,BUY,19.007,18.816930000000003,19.709600000000023,A+,US,WIN,3.697
AVAXUSDT,Mean Reversion,2025-10-27 08:59,2025-10-28 05:59,SELL,20.645,20.85145,20.028960000000016,B,Europe,WIN,2.984
AVAXUSDT,Mean Reversion,2025-10-28 22:59,2025-10-29 15:59,BUY,19.532,19.33668,20.385560000000027,A+,US,LOSS,-1.0
AVAXUSDT,Mean Reversion,2025-10-31 19:59,2025-10-31 20:59,BUY,18.264,18.08136,18.75678000000002,A+,US,LOSS,-1.0
AVAXUSDT,Mean Reversion,2025-11-04 22:59,2025-11-05 00:59,BUY,16.127,15.965729999999999,16.91282000000003,A+,US,LOSS,-1.0
AVAXUSDT,Mean Reversion,2025-11-08 13:59,2025-11-09 02:59,SELL,17.366,17.53966,16.97156000000002,B,Europe,WIN,2.271
AVAXUSDT,Mean Reversion,2025-11-15 01:59,2025-11-16 01:59,BUY,15.458,15.303420000000001,16.20702000000002,A,Asia,LOSS,-1.0
AVAXUSDT,Mean Reversion,2025-11-16 22:59,2025-11-16 23:59,BUY,15.007,14.85693,15.439980000000023,A+,US,LOSS,-1.0
AVAXUSDT,Mean Reversion,2025-11-18 03:59,2025-11-18 07:59,BUY,14.486,14.341140000000001,15.187460000000023,A,Asia,LOSS,-1.0
AVAXUSDT,Mean Reversion,2025-11-24 17:59,2025-11-24 18:59,BUY,13.89,13.751100000000001,13.34902000000002,A+,US,WIN,3.895
AVAXUSDT,Mean Reversion,2025-11-25 01:59,2025-11-25 20:59,SELL,13.864,14.002640000000001,13.456040000000025,A,Asia,LOSS,-1.0
AVAXUSDT,Mean Reversion,2025-12-05 18:59,2025-12-05 19:59,SELL,13.243,13.37543,14.392980000000014,A+,US,LOSS,-1.0
AVAXUSDT,Mean Reversion,2025-12-10 10:59,2025-12-10 18:59,SELL,14.336,14.47936,14.014520000000022,B,Europe,LOSS,-1.0
AVAXUSDT,Mean Reversion,2025-12-12 18:59,2025-12-14 11:59,BUY,13.115,12.98385,13.52150000000003,A+,US,LOSS,-1.0
AVAXUSDT,Mean Reversion,2025-12-19 03:59,2025-12-19 05:59,BUY,11.735,11.61765,11.86526000000002,A,Asia,LOSS,-1.0
AVAXUSDT,Mean Reversion,2025-12-20 10:59,2025-12-21 14:59,SELL,12.255,12.377550000000001,11.954080000000012,B,Europe,WIN,2.455
AVAXUSDT,Mean Reversion,2025-12-25 23:59,2025-12-26 00:59,SELL,12.071,12.19171,12.144360000000017,A+,US,WIN,0.608
AVAXUSDT,Mean Reversion,2025-12-29 18:59,2025-12-29 19:59,SELL,12.532,12.65732,12.71834000000002,A+,US,WIN,1.487
AVAXUSDT,Mean Reversion,2025-12-30 03:59,2025-12-31 01:59,BUY,12.396,12.27204,12.68060000000002,A,Asia,WIN,2.296
AVAXUSDT,Mean Reversion,2026-01-03 15:59,2026-01-03 23:59,SELL,13.863,14.00163,13.595020000000032,B,Europe,LOSS,-1.0
AVAXUSDT,Mean Reversion,2026-01-08 15:59,2026-01-08 20:59,BUY,13.927,13.78773,14.219520000000035,B,Europe,LOSS,-1.0
AVAXUSDT,Mean Reversion,2026-01-14 17:59,2026-01-15 03:59,SELL,14.618,14.76418,14.199340000000022,A+,US,WIN,2.864
AVAXUSDT,Mean Reversion,2026-01-27 20:59,2026-01-27 21:59,BUY,12.074,11.95326,11.678880000000031,A+,US,WIN,3.272
AVAXUSDT,Mean Reversion,2026-01-28 14:59,2026-01-29 02:59,SELL,12.073,12.19373,11.874760000000038,B,Europe,WIN,1.642
AVAXUSDT,Mean Reversion,2026-02-07 18:59,2026-02-07 19:59,BUY,9.326,9.23274,8.889840000000039,A+,US,WIN,4.677
AVAXUSDT,Mean Reversion,2026-02-11 11:59,2026-02-11 14:59,BUY,8.578,8.49222,8.82788000000004,B,Europe,WIN,2.913
AVAXUSDT,Mean Reversion,2026-02-18 18:59,2026-02-18 19:59,SELL,8.918,9.00718,9.129000000000051,A+,US,WIN,2.366
AVAXUSDT,Mean Reversion,2026-02-20 13:59,2026-02-20 15:59,SELL,8.972,9.06172,8.932820000000048,B,Europe,LOSS,-1.0
AVAXUSDT,Mean Reversion,2026-02-21 16:59,2026-02-22 00:59,SELL,9.221,9.31321,9.094620000000049,A+,US,WIN,1.371
AVAXUSDT,Mean Reversion,2026-02-25 01:59,2026-02-25 02:59,BUY,8.611,8.524890000000001,8.414720000000047,A,Asia,WIN,2.279
AVAXUSDT,Mean Reversion,2026-02-28 20:59,2026-02-28 21:59,BUY,9.144,9.05256,8.97332000000005,A+,US,WIN,1.867
AVAXUSDT,Mean Reversion,2026-03-04 20:59,2026-03-06 12:59,SELL,9.577,9.67277,9.221400000000047,A+,US,WIN,3.713
AVAXUSDT,Mean Reversion,2026-03-10 18:59,2026-03-11 05:59,SELL,9.628,9.72428,9.247480000000051,A+,US,LOSS,-1.0
AVAXUSDT,Mean Reversion,2026-03-13 14:59,2026-03-13 22:59,SELL,9.962,10.06162,9.696740000000052,B,Europe,WIN,2.663
AVAXUSDT,Mean Reversion,2026-03-17 04:59,2026-03-17 07:59,SELL,10.282,10.38482,10.067060000000053,A,Asia,LOSS,-1.0
AVAXUSDT,Mean Reversion,2026-04-01 08:59,2026-04-02 01:59,SELL,9.242,9.334420000000001,8.91472000000005,B,Europe,WIN,3.541
AVAXUSDT,Mean Reversion,2026-04-02 11:59,2026-04-03 11:59,BUY,8.675,8.58825,8.964240000000048,B,Europe,WIN,3.334
AVAXUSDT,Mean Reversion,2026-04-06 06:59,2026-04-06 09:59,SELL,9.393,9.486930000000001,8.978300000000054,A,Asia,LOSS,-1.0
AVAXUSDT,Mean Reversion,2026-04-07 19:59,2026-04-07 21:59,BUY,8.791,8.70309,9.023020000000052,A+,US,WIN,2.639
AVAXUSDT,Mean Reversion,2026-04-08 06:59,2026-04-08 23:59,SELL,9.415,9.50915,9.058060000000053,A,Asia,WIN,3.791
AVAXUSDT,Mean Reversion,2026-04-12 17:59,2026-04-12 22:59,BUY,9.105,9.01395,9.254860000000054,A+,US,LOSS,-1.0
AVAXUSDT,Mean Reversion,2026-04-21 09:59,2026-04-21 10:59,BUY,9.395,9.30105,9.226640000000057,B,Europe,WIN,1.792
AVAXUSDT,Mean Reversion,2026-04-27 18:59,2026-04-29 09:59,BUY,9.184,9.09216,9.360800000000058,A+,US,WIN,1.925
AVAXUSDT,Mean Reversion,2026-05-05 15:59,2026-05-06 01:59,SELL,9.406,9.500060000000001,9.227460000000047,B,Europe,LOSS,-1.0
AVAXUSDT,Mean Reversion,2026-05-09 14:59,2026-05-09 17:59,SELL,9.837,9.93537,9.705880000000052,B,Europe,LOSS,-1.0
AVAXUSDT,Mean Reversion,2026-05-12 19:59,2026-05-13 04:59,BUY,9.862,9.76338,10.053120000000044,A+,US,WIN,1.938
AVAXUSDT,Mean Reversion,2026-05-15 16:59,2026-05-16 04:59,BUY,9.559,9.46341,9.786060000000042,A+,US,LOSS,-1.0
AVAXUSDT,Mean Reversion,2026-05-22 12:59,2026-05-22 13:59,BUY,9.585,9.48915,9.387080000000042,B,Europe,LOSS,-1.0
AVAXUSDT,Mean Reversion,2026-05-23 18:59,2026-05-23 19:59,BUY,9.27,9.177299999999999,9.291180000000042,A+,US,WIN,0.228
AVAXUSDT,Mean Reversion,2026-05-28 16:59,2026-05-28 18:59,BUY,8.957,8.86743,9.06086000000004,A+,US,WIN,1.16
AVAXUSDT,Mean Reversion,2026-06-04 03:59,2026-06-04 05:59,BUY,8.032,7.95168,8.330620000000042,A,Asia,LOSS,-1.0
AVAXUSDT,Mean Reversion,2026-06-04 12:59,2026-06-04 13:59,BUY,7.799,7.721010000000001,8.157420000000043,B,Europe,LOSS,-1.0
AVAXUSDT,Mean Reversion,2026-06-15 19:59,2026-06-16 08:59,SELL,6.892,6.960920000000001,6.7225000000000374,A+,US,LOSS,-1.0
AVAXUSDT,Mean Reversion,2026-06-18 19:59,2026-06-18 21:59,BUY,6.35,6.286499999999999,6.751400000000044,A+,US,LOSS,-1.0
AVAXUSDT,Mean Reversion,2026-06-27 17:59,2026-06-27 22:59,SELL,6.532,6.59732,6.359060000000041,A+,US,WIN,2.648
AVAXUSDT,Mean Reversion,2026-07-03 22:59,2026-07-04 17:59,SELL,6.943,7.012429999999999,6.797520000000037,A+,US,LOSS,-1.0
AVAXUSDT,Mean Reversion,2026-07-13 02:59,2026-07-13 03:59,BUY,6.487,6.42213,6.5654000000000385,A,Asia,LOSS,-1.0
AVAXUSDT,Mean Reversion,2026-07-25 13:59,2026-07-25 14:59,BUY,6.475,6.41025,6.280500000000043,B,Europe,WIN,3.004
AVAXUSDT,Mean Reversion,2026-07-28 12:59,2026-07-28 13:59,BUY,6.479,6.41421,6.589320000000038,B,Europe,LOSS,-1.0
AVAXUSDT,Mean Reversion,2026-08-01 21:59,2026-08-02 04:59,BUY,6.182,6.12018,6.387140000000041,A+,US,WIN,3.318
AVAXUSDT,Mean Reversion,2026-08-02 12:59,2026-08-02 17:59,SELL,6.563,6.628629999999999,6.385360000000041,B,Europe,LOSS,-1.0
AVAXUSDT,Mean Reversion,2026-08-02 23:59,2026-08-03 03:59,SELL,6.55,6.6155,6.424340000000042,A+,US,WIN,1.918
AVAXUSDT,Mean Reversion,2026-08-11 19:59,2026-08-12 07:59,BUY,6.272,6.209280000000001,6.4653000000000445,A+,US,LOSS,-1.0
AVAXUSDT,Mean Reversion,2026-08-12 11:59,2026-08-12 12:59,BUY,6.305,6.241949999999999,6.390740000000043,B,Europe,WIN,1.36
AVAXUSDT,Mean Reversion,2026-08-15 05:59,2026-08-15 22:59,SELL,6.687,6.75387,6.464280000000042,A,Asia,WIN,3.331
AVAXUSDT,Mean Reversion,2026-08-16 10:59,2026-08-16 21:59,BUY,6.37,6.3063,6.4659600000000435,B,Europe,LOSS,-1.0
AVAXUSDT,Mean Reversion,2026-09-24 15:59,2026-09-24 17:59,BUY,10.386,10.282139999999998,10.652480000000036,B,Europe,LOSS,-1.0
AVAXUSDT,Mean Reversion,2026-09-29 15:59,2026-09-29 18:59,SELL,11.207,11.31907,10.79622000000004,B,Europe,LOSS,-1.0
BNBUSDT,Zone Entry,2025-10-09 13:59,2025-10-10 21:59,SELL,1257.12,1308.85,1101.9299999999998,B,Europe,WIN,3.0
BNBUSDT,Zone Entry,2025-10-21 23:59,2025-10-22 13:59,SELL,1056.56,1080.8,983.8399999999999,B,US,LOSS,-1.0
BNBUSDT,Zone Entry,2025-10-31 08:59,2025-10-31 10:59,BUY,1102.69,1085.4,1154.56,B,Europe,LOSS,-1.0
BNBUSDT,Zone Entry,2025-10-31 10:59,2025-11-03 08:59,SELL,1082.35,1102.68,1021.3599999999994,A,Europe,WIN,3.0
BNBUSDT,Zone Entry,2025-11-05 15:59,2025-11-13 18:59,BUY,965.23,924.26,1088.14,B,Europe,LOSS,-1.0
BNBUSDT,Zone Entry,2025-11-07 10:59,2025-11-07 17:59,SELL,950.77,967.52,900.52,B,Europe,LOSS,-1.0
BNBUSDT,Zone Entry,2025-11-17 19:59,2025-11-18 09:59,SELL,897.36,921.2,825.8399999999999,B,US,LOSS,-1.0
BNBUSDT,Zone Entry,2025-11-24 12:59,2025-11-24 17:59,SELL,838.15,856.27,783.79,A,Europe,LOSS,-1.0
BNBUSDT,Zone Entry,2025-12-17 09:59,2025-12-17 14:59,SELL,860.75,868.25,838.25,B,Europe,LOSS,-1.0
BNBUSDT,Zone Entry,2025-12-23 02:59,2025-12-26 15:59,SELL,855.82,867.14,821.8600000000002,B,Asia,WIN,3.0
BNBUSDT,Zone Entry,2025-12-31 07:59,2025-12-31 15:59,BUY,868.45,863.58,883.0600000000001,B,Asia,LOSS,-1.0
BNBUSDT,Zone Entry,2026-01-01 06:59,2026-01-02 08:59,SELL,862.29,869.67,840.15,B,Asia,LOSS,-1.0
BNBUSDT,Zone Entry,2026-01-05 10:59,2026-01-06 17:59,BUY,904.22,893.18,937.3400000000003,B,Europe,LOSS,-1.0
BNBUSDT,Zone Entry,2026-01-06 13:59,2026-01-06 16:59,BUY,914.64,908.08,934.3199999999998,B,Europe,LOSS,-1.0
BNBUSDT,Zone Entry,2026-01-07 12:59,2026-01-11 08:59,SELL,905.73,917.92,869.1600000000002,B,Europe,LOSS,-1.0
BNBUSDT,Zone Entry,2026-01-21 02:59,2026-01-21 15:59,SELL,877.74,891.51,836.4300000000001,A,Asia,LOSS,-1.0
BNBUSDT,Zone Entry,2026-01-29 11:59,2026-01-29 15:59,SELL,894.73,903.82,867.4599999999999,A,Europe,WIN,3.0
BNBUSDT,Zone Entry,2026-02-04 14:59,2026-02-05 05:59,SELL,735.84,752.16,686.8800000000002,B,Europe,WIN,3.0
BNBUSDT,Zone Entry,2026-02-12 15:59,2026-02-13 16:59,SELL,608.93,618.12,581.3599999999998,B,Europe,LOSS,-1.0
BNBUSDT,Zone Entry,2026-02-14 09:59,2026-02-15 12:59,BUY,629.03,622.38,648.9799999999999,A,Europe,LOSS,-1.0
BNBUSDT,Zone Entry,2026-02-15 13:59,2026-02-16 13:59,SELL,617.6,629.29,582.5300000000002,B,Europe,LOSS,-1.0
BNBUSDT,Zone Entry,2026-02-20 05:59,2026-02-23 01:59,BUY,611.8,598.69,651.1299999999997,B,Asia,LOSS,-1.0
BNBUSDT,Zone Entry,2026-02-25 17:59,2026-02-26 14:59,BUY,629.2,621.54,652.1800000000003,A,US,LOSS,-1.0
BNBUSDT,Zone Entry,2026-03-08 04:59,2026-03-08 07:59,SELL,615.09,619.85,600.8100000000001,B,Asia,LOSS,-1.0
BNBUSDT,Zone Entry,2026-03-09 12:59,2026-03-13 00:59,BUY,631.02,621.8,658.6800000000001,B,Europe,WIN,3.0
BNBUSDT,Zone Entry,2026-03-16 17:59,2026-03-17 10:59,BUY,678.31,671.72,698.0799999999997,A,US,LOSS,-1.0
BNBUSDT,Zone Entry,2026-03-17 09:59,2026-03-19 07:59,SELL,672.8,682.79,642.8299999999999,A,Europe,WIN,3.0
BNBUSDT,Zone Entry,2026-03-24 16:59,2026-03-24 20:59,SELL,629.14,637.43,604.2700000000001,B,US,LOSS,-1.0
BNBUSDT,Zone Entry,2026-03-26 09:59,2026-04-02 03:59,SELL,629.96,642.38,592.7000000000002,A,Europe,WIN,3.0
BNBUSDT,Zone Entry,2026-04-02 10:59,2026-04-03 05:59,SELL,581.67,588.16,562.1999999999999,A,Europe,LOSS,-1.0
BNBUSDT,Zone Entry,2026-04-07 21:59,2026-04-08 14:59,BUY,612.24,603.69,637.8899999999999,A,US,LOSS,-1.0
BNBUSDT,Zone Entry,2026-04-17 12:59,2026-04-19 02:59,BUY,636.2,627.65,661.8500000000003,B,Europe,LOSS,-1.0
BNBUSDT,Zone Entry,2026-04-20 09:59,2026-04-22 13:59,BUY,627.03,619.06,650.94,A,Europe,WIN,3.0
BNBUSDT,Zone Entry,2026-04-22 12:59,2026-04-23 09:59,BUY,643.79,632.91,676.43,A,Europe,LOSS,-1.0
BNBUSDT,Zone Entry,2026-04-25 15:59,2026-04-26 14:59,SELL,630.19,633.23,621.0700000000002,B,Europe,LOSS,-1.0
BNBUSDT,Zone Entry,2026-05-11 11:59,2026-05-11 22:59,BUY,656.14,651.32,670.5999999999998,A,Europe,WIN,3.0
BNBUSDT,Zone Entry,2026-05-11 21:59,2026-05-12 13:59,BUY,664.23,656.62,687.0600000000001,A,US,LOSS,-1.0
BNBUSDT,Zone Entry,2026-05-12 18:59,2026-05-14 17:59,BUY,660.82,652.28,686.4400000000003,A,US,WIN,3.0
BNBUSDT,Zone Entry,2026-05-13 09:59,2026-05-13 11:59,BUY,685.5,679.37,703.89,A,Europe,LOSS,-1.0
BNBUSDT,Zone Entry,2026-05-15 10:59,2026-05-15 13:59,BUY,689.55,676.61,728.3699999999998,A,Europe,LOSS,-1.0
BNBUSDT,Zone Entry,2026-06-12 09:59,2026-06-13 04:59,BUY,607.28,600.17,628.61,A,Europe,LOSS,-1.0
BNBUSDT,Zone Entry,2026-07-01 10:59,2026-07-01 14:59,SELL,542.52,551.28,516.24,B,Europe,LOSS,-1.0
BNBUSDT,Zone Entry,2026-07-12 21:59,2026-07-14 13:59,SELL,576.04,581.49,559.6899999999998,B,US,LOSS,-1.0
BNBUSDT,Zone Entry,2026-07-26 15:59,2026-07-27 01:59,BUY,574.19,571.84,581.2400000000001,A,Europe,LOSS,-1.0
BNBUSDT,Zone Entry,2026-07-30 09:59,2026-07-30 17:59,BUY,580.3,575.08,595.9599999999997,A,Europe,WIN,3.0
BNBUSDT,Zone Entry,2026-08-05 13:59,2026-08-05 21:59,BUY,601.01,597.0,613.04,B,Europe,LOSS,-1.0
BNBUSDT,Zone Entry,2026-08-15 23:59,2026-08-18 13:59,SELL,608.08,610.6,600.5200000000001,A,US,WIN,3.0
BNBUSDT,Zone Entry,2026-08-17 12:59,2026-08-17 13:59,SELL,604.35,606.81,596.9700000000003,B,Europe,LOSS,-1.0
BNBUSDT,Zone Entry,2026-08-20 16:59,2026-08-21 22:59,BUY,654.35,642.6,689.6,B,US,WIN,3.0
BNBUSDT,Zone Entry,2026-08-28 08:59,2026-08-30 23:59,SELL,705.99,713.06,684.7800000000002,B,Europe,WIN,3.0
BNBUSDT,Zone Entry,2026-08-31 17:59,2026-09-01 12:59,BUY,693.22,685.79,715.5100000000002,B,US,LOSS,-1.0
BNBUSDT,Zone Entry,2026-09-01 16:59,2026-09-03 01:59,SELL,684.3,690.88,664.5599999999998,B,US,LOSS,-1.0
BNBUSDT,Zone Entry,2026-09-15 00:59,2026-09-16 23:59,SELL,719.6,727.34,696.38,B,Asia,LOSS,-1.0
BNBUSDT,Zone Entry,2026-09-17 22:59,2026-09-18 07:59,BUY,736.19,728.38,759.6200000000002,A,US,WIN,3.0
BNBUSDT,Zone Entry,2026-09-24 18:59,2026-09-25 03:59,BUY,782.03,771.71,812.9899999999998,B,US,LOSS,-1.0
BNBUSDT,Momentum Continuation,2025-10-10 15:59,2025-10-10 16:59,SELL,1216.5,1228.665,1180.0049999999999,B,Europe,LOSS,-1.0
BNBUSDT,Momentum Continuation,2025-11-13 19:59,2025-11-13 22:59,SELL,913.74,922.8774,886.3278,A,US,LOSS,-1.0
BNBUSDT,Momentum Continuation,2025-12-02 16:59,2025-12-03 05:59,BUY,873.08,864.3492,899.2724000000001,B,US,WIN,3.0
BNBUSDT,Momentum Continuation,2025-12-11 02:59,2025-12-11 18:59,SELL,867.29,875.9629,841.2713,B,Asia,LOSS,-1.0
BNBUSDT,Momentum Continuation,2026-02-03 18:59,2026-02-03 19:59,SELL,737.12,744.4912,715.0064,A+,US,LOSS,-1.0
BNBUSDT,Momentum Continuation,2026-02-05 21:59,2026-02-05 22:59,SELL,611.24,617.3524,592.9028,A,US,LOSS,-1.0
BNBUSDT,Momentum Continuation,2026-02-20 18:59,2026-02-22 03:59,BUY,627.41,621.1359,646.2323,A+,US,LOSS,-1.0
BNBUSDT,Momentum Continuation,2026-04-02 03:59,2026-04-02 13:59,SELL,592.3,598.223,574.531,A+,Asia,WIN,3.0
BNBUSDT,Momentum Continuation,2026-05-10 17:59,2026-05-10 20:59,BUY,661.03,654.4196999999999,680.8609,A,US,LOSS,-1.0
BNBUSDT,Momentum Continuation,2026-05-30 02:59,2026-05-30 14:59,BUY,658.42,651.8358,678.1726,A+,Asia,WIN,3.0
BNBUSDT,Momentum Continuation,2026-05-30 16:59,2026-05-30 17:59,BUY,709.17,702.0782999999999,730.4451,A,US,LOSS,-1.0
BNBUSDT,Momentum Continuation,2026-05-30 17:59,2026-05-30 22:59,BUY,713.7,706.563,735.1110000000001,B,US,LOSS,-1.0
BNBUSDT,Momentum Continuation,2026-06-24 17:59,2026-06-24 18:59,SELL,548.74,554.2274,532.2778,B,US,LOSS,-1.0
BNBUSDT,Momentum Continuation,2026-08-11 09:59,2026-08-17 00:59,BUY,607.68,601.6031999999999,625.9104,B,Europe,LOSS,-1.0
BNBUSDT,Mean Reversion,2025-10-08 02:59,2025-10-08 06:59,SELL,1289.81,1302.7081,1248.8496,A,Asia,LOSS,-1.0
BNBUSDT,Mean Reversion,2025-10-12 09:59,2025-10-12 10:59,BUY,1217.57,1205.3943,1160.6785999999995,B,Europe,WIN,4.673
BNBUSDT,Mean Reversion,2025-10-12 13:59,2025-10-12 14:59,SELL,1224.64,1236.8864,1158.0515999999996,B,Europe,LOSS,-1.0
BNBUSDT,Mean Reversion,2025-10-17 11:59,2025-10-17 12:59,BUY,1071.21,1060.4979,1153.2947999999994,B,Europe,LOSS,-1.0
BNBUSDT,Mean Reversion,2025-10-21 10:59,2025-10-21 15:59,BUY,1075.17,1064.4183,1103.4081999999996,B,Europe,WIN,2.626
BNBUSDT,Mean Reversion,2025-10-23 09:59,2025-10-23 14:59,SELL,1097.24,1108.2124000000001,1078.0033999999996,B,Europe,WIN,1.753
BNBUSDT,Mean Reversion,2025-10-27 14:59,2025-10-27 16:59,SELL,1134.37,1145.7136999999998,1131.6434000000002,B,Europe,LOSS,-1.0
BNBUSDT,Mean Reversion,2025-11-14 14:59,2025-11-14 20:59,BUY,925.39,916.1360999999999,940.8047999999997,B,Europe,LOSS,-1.0
BNBUSDT,Mean Reversion,2025-11-19 21:59,2025-11-20 16:59,BUY,897.2,888.2280000000001,916.3937999999995,A+,US,LOSS,-1.0
BNBUSDT,Mean Reversion,2025-12-06 14:59,2025-12-06 15:59,BUY,894.94,885.9906000000001,892.6504,B,Europe,WIN,0.256
BNBUSDT,Mean Reversion,2025-12-11 13:59,2025-12-11 21:59,BUY,867.7,859.023,889.3365999999999,B,Europe,WIN,2.494
BNBUSDT,Mean Reversion,2026-01-02 18:59,2026-01-04 04:59,SELL,881.34,890.1534,866.2260000000002,A+,US,LOSS,-1.0
BNBUSDT,Mean Reversion,2026-01-05 05:59,2026-01-05 10:59,SELL,893.19,902.1219000000001,885.5199999999999,A,Asia,LOSS,-1.0
BNBUSDT,Mean Reversion,2026-01-06 02:59,2026-01-06 09:59,SELL,905.67,914.7266999999999,898.1276000000001,A,Asia,LOSS,-1.0
BNBUSDT,Mean Reversion,2026-01-08 10:59,2026-01-08 14:59,BUY,886.77,877.9023,904.3295999999996,B,Europe,LOSS,-1.0
BNBUSDT,Mean Reversion,2026-01-08 15:59,2026-01-09 16:59,BUY,889.04,880.1496,901.5637999999994,B,Europe,WIN,1.409
BNBUSDT,Mean Reversion,2026-01-10 08:59,2026-01-10 18:59,SELL,904.4,913.444,893.7441999999995,B,Europe,LOSS,-1.0
BNBUSDT,Mean Reversion,2026-01-14 08:59,2026-01-14 15:59,SELL,936.7,946.067,918.3445999999994,B,Europe,LOSS,-1.0
BNBUSDT,Mean Reversion,2026-01-15 01:59,2026-01-15 03:59,SELL,937.36,946.7336,930.9337999999996,A,Asia,WIN,0.686
BNBUSDT,Mean Reversion,2026-01-27 02:59,2026-01-27 03:59,BUY,885.38,876.5262,875.2645999999993,A,Asia,WIN,1.142
BNBUSDT,Mean Reversion,2026-01-29 22:59,2026-01-30 01:59,BUY,867.67,858.9933,894.8501999999996,A+,US,LOSS,-1.0
BNBUSDT,Mean Reversion,2026-02-15 08:59,2026-02-15 12:59,SELL,631.6,637.916,622.7876,B,Europe,WIN,1.395
BNBUSDT,Mean Reversion,2026-02-24 16:59,2026-02-25 00:59,BUY,587.44,581.5656,598.5578000000002,A+,US,LOSS,-1.0
BNBUSDT,Mean Reversion,2026-03-02 18:59,2026-03-03 08:59,SELL,640.18,646.5817999999999,623.1124,A+,US,WIN,2.666
BNBUSDT,Mean Reversion,2026-03-05 17:59,2026-03-05 18:59,SELL,647.63,654.1063,648.5020000000002,A+,US,WIN,0.135
BNBUSDT,Mean Reversion,2026-03-09 17:59,2026-03-09 19:59,SELL,636.87,643.2387,621.6058,A+,US,LOSS,-1.0
BNBUSDT,Mean Reversion,2026-03-10 18:59,2026-03-11 13:59,SELL,641.26,647.6726,633.4877999999999,A+,US,LOSS,-1.0
BNBUSDT,Mean Reversion,2026-03-13 15:59,2026-03-13 17:59,SELL,662.39,669.0139,654.3786000000002,B,Europe,WIN,1.209
BNBUSDT,Mean Reversion,2026-04-05 00:59,2026-04-05 06:59,SELL,592.64,598.5664,588.9382000000004,A,Asia,WIN,0.625
BNBUSDT,Mean Reversion,2026-04-06 01:59,2026-04-06 09:59,SELL,601.09,607.1009,592.4086000000005,A,Asia,LOSS,-1.0
BNBUSDT,Mean Reversion,2026-04-06 22:59,2026-04-06 23:59,SELL,600.27,606.2727,598.4268000000005,A+,US,WIN,0.307
BNBUSDT,Mean Reversion,2026-04-08 01:59,2026-04-08 14:59,SELL,616.47,622.6347000000001,604.1026000000008,A,Asia,WIN,2.006
BNBUSDT,Mean Reversion,2026-04-12 11:59,2026-04-12 14:59,BUY,595.49,589.5351,604.2656000000005,B,Europe,LOSS,-1.0
BNBUSDT,Mean Reversion,2026-04-13 00:59,2026-04-13 14:59,BUY,596.33,590.3667,600.8980000000006,A,Asia,WIN,0.766
BNBUSDT,Mean Reversion,2026-04-19 14:59,2026-04-19 17:59,BUY,627.19,620.9181000000001,634.2650000000003,B,Europe,LOSS,-1.0
BNBUSDT,Mean Reversion,2026-04-21 14:59,2026-04-21 19:59,SELL,630.74,637.0474,627.2012000000003,B,Europe,WIN,0.561
BNBUSDT,Mean Reversion,2026-04-26 07:59,2026-04-26 18:59,BUY,632.86,626.5314,634.6156000000003,A,Asia,WIN,0.277
BNBUSDT,Mean Reversion,2026-04-29 20:59,2026-05-04 02:59,BUY,615.58,609.4242,623.7622000000006,A+,US,WIN,1.329
BNBUSDT,Mean Reversion,2026-05-04 11:59,2026-05-05 11:59,SELL,623.25,629.4825,620.4952000000005,B,Europe,LOSS,-1.0
BNBUSDT,Mean Reversion,2026-05-07 22:59,2026-05-07 23:59,SELL,635.76,642.1176,644.3318000000006,A+,US,WIN,1.348
BNBUSDT,Mean Reversion,2026-05-09 04:59,2026-05-10 17:59,SELL,653.52,660.0552,644.7108000000006,A,Asia,LOSS,-1.0
BNBUSDT,Mean Reversion,2026-05-10 20:59,2026-05-10 21:59,SELL,651.94,658.4594000000001,651.2914000000004,A+,US,WIN,0.099
BNBUSDT,Mean Reversion,2026-05-12 05:59,2026-05-12 13:59,SELL,662.73,669.3573,657.2516000000006,A,Asia,WIN,0.827
BNBUSDT,Mean Reversion,2026-05-13 05:59,2026-05-13 09:59,SELL,678.62,685.4062,662.273000000001,A,Asia,LOSS,-1.0
BNBUSDT,Mean Reversion,2026-05-25 12:59,2026-05-25 13:59,BUY,669.99,663.2901,656.4628000000005,B,Europe,WIN,2.019
BNBUSDT,Mean Reversion,2026-05-25 15:59,2026-05-26 00:59,SELL,668.08,674.7608,658.2134000000005,B,Europe,WIN,1.477
BNBUSDT,Mean Reversion,2026-05-28 16:59,2026-05-29 14:59,BUY,640.51,634.1048999999999,648.9620000000001,A+,US,LOSS,-1.0
BNBUSDT,Mean Reversion,2026-06-05 07:59,2026-06-05 08:59,BUY,593.4,587.466,613.5440000000008,A,Asia,LOSS,-1.0
BNBUSDT,Mean Reversion,2026-06-07 19:59,2026-06-07 21:59,SELL,589.0,594.89,580.3268000000006,A+,US,LOSS,-1.0
BNBUSDT,Mean Reversion,2026-06-09 15:59,2026-06-09 16:59,SELL,587.23,593.1023,599.8546000000007,B,Europe,WIN,2.15
BNBUSDT,Mean Reversion,2026-06-10 12:59,2026-06-10 13:59,BUY,589.31,583.4168999999999,596.5998000000006,B,Europe,WIN,1.237
BNBUSDT,Mean Reversion,2026-06-15 18:59,2026-06-16 02:59,SELL,622.16,628.3815999999999,613.7072000000006,A+,US,WIN,1.359
BNBUSDT,Mean Reversion,2026-06-18 08:59,2026-06-18 15:59,BUY,591.81,585.8919,604.9234000000007,B,Europe,LOSS,-1.0
BNBUSDT,Mean Reversion,2026-06-23 11:59,2026-06-24 13:59,BUY,574.02,568.2798,589.9364000000008,B,Europe,LOSS,-1.0
BNBUSDT,Mean Reversion,2026-06-28 18:59,2026-06-28 19:59,BUY,554.06,548.5193999999999,561.4736000000006,A+,US,LOSS,-1.0
BNBUSDT,Mean Reversion,2026-07-05 16:59,2026-07-05 18:59,SELL,586.19,592.0519,574.6944000000008,A+,US,LOSS,-1.0
BNBUSDT,Mean Reversion,2026-07-08 23:59,2026-07-09 06:59,BUY,568.98,563.2902,574.6304000000008,A+,US,WIN,0.993
BNBUSDT,Mean Reversion,2026-07-11 19:59,2026-07-11 23:59,SELL,580.95,586.7595,576.1748000000009,A+,US,WIN,0.822
BNBUSDT,Mean Reversion,2026-07-14 18:59,2026-07-16 05:59,SELL,580.26,586.0626,572.120400000001,A+,US,LOSS,-1.0
BNBUSDT,Mean Reversion,2026-07-24 17:59,2026-07-25 13:59,BUY,562.46,556.8354,568.3782000000009,A+,US,WIN,1.052
BNBUSDT,Mean Reversion,2026-08-02 02:59,2026-08-02 04:59,BUY,581.64,575.8235999999999,585.5950000000006,A,Asia,WIN,0.68
BNBUSDT,Mean Reversion,2026-08-03 18:59,2026-08-05 00:59,SELL,591.97,597.8897000000001,584.6470000000006,A+,US,LOSS,-1.0
BNBUSDT,Mean Reversion,2026-08-07 08:59,2026-08-08 06:59,BUY,589.05,583.1595,594.8826000000009,B,Europe,WIN,0.99
BNBUSDT,Mean Reversion,2026-08-11 14:59,2026-08-11 22:59,SELL,608.01,614.0901,604.2702000000007,B,Europe,LOSS,-1.0
BNBUSDT,Mean Reversion,2026-08-12 08:59,2026-08-13 15:59,SELL,610.85,616.9585000000001,606.8558000000006,B,Europe,WIN,0.654
BNBUSDT,Mean Reversion,2026-08-14 15:59,2026-08-15 03:59,BUY,606.91,600.8408999999999,610.0698000000008,B,Europe,WIN,0.521
BNBUSDT,Mean Reversion,2026-09-08 05:59,2026-09-08 06:59,BUY,751.31,743.7968999999999,747.9530000000008,A,Asia,WIN,0.447
BNBUSDT,Mean Reversion,2026-09-12 16:59,2026-09-13 06:59,SELL,732.63,739.9563,723.8906000000007,A+,US,WIN,1.193
BNBUSDT,Mean Reversion,2026-09-13 16:59,2026-09-14 00:59,BUY,721.36,714.1464,727.7626000000008,A+,US,LOSS,-1.0
UNIUSDT,Zone Entry,2025-10-09 22:59,2025-10-10 03:59,BUY,7.879,7.664,8.524,B,US,WIN,3.0
UNIUSDT,Zone Entry,2025-10-10 18:59,2025-10-10 20:59,SELL,7.594,7.768,7.072000000000002,B,US,WIN,3.0
UNIUSDT,Zone Entry,2025-10-15 04:59,2025-10-15 13:59,BUY,6.825,6.556,7.632000000000001,B,Asia,LOSS,-1.0
UNIUSDT,Zone Entry,2025-10-21 23:59,2025-10-24 12:59,SELL,6.25,6.448,5.655999999999999,A,US,LOSS,-1.0
UNIUSDT,Zone Entry,2025-11-05 07:59,2025-11-07 17:59,BUY,5.218,5.01,5.8420000000000005,A,Asia,WIN,3.0
UNIUSDT,Zone Entry,2025-11-13 20:59,2025-11-13 22:59,SELL,7.508,7.769,6.725,B,US,LOSS,-1.0
UNIUSDT,Zone Entry,2025-11-17 04:59,2025-11-17 07:59,BUY,7.42,7.202,8.074,A,Asia,WIN,3.0
UNIUSDT,Zone Entry,2025-11-17 18:59,2025-11-18 16:59,SELL,7.215,7.712,5.724,A,US,LOSS,-1.0
UNIUSDT,Zone Entry,2025-12-10 10:59,2025-12-10 18:59,SELL,5.549,5.743,4.9670000000000005,A,Europe,LOSS,-1.0
UNIUSDT,Zone Entry,2025-12-19 08:59,2025-12-20 07:59,BUY,5.239,5.103,5.647,B,Europe,WIN,3.0
UNIUSDT,Zone Entry,2025-12-23 13:59,2025-12-24 01:59,SELL,5.736,5.861,5.361,B,Europe,LOSS,-1.0
UNIUSDT,Zone Entry,2026-01-02 21:59,2026-01-03 06:59,BUY,6.061,5.949,6.397,B,US,LOSS,-1.0
UNIUSDT,Zone Entry,2026-01-07 12:59,2026-01-12 13:59,SELL,5.868,6.043,5.343000000000001,B,Europe,WIN,3.0
UNIUSDT,Zone Entry,2026-01-21 05:59,2026-01-21 12:59,BUY,4.949,4.798,5.401999999999999,A,Asia,LOSS,-1.0
UNIUSDT,Zone Entry,2026-01-28 11:59,2026-01-28 15:59,BUY,4.87,4.788,5.116,B,Europe,LOSS,-1.0
UNIUSDT,Zone Entry,2026-02-04 13:59,2026-02-05 15:59,SELL,3.78,3.925,3.3449999999999998,A,Europe,WIN,3.0
UNIUSDT,Zone Entry,2026-02-11 05:59,2026-02-11 13:59,SELL,3.286,3.356,3.0760000000000005,B,Asia,LOSS,-1.0
UNIUSDT,Zone Entry,2026-02-11 23:59,2026-02-25 13:59,SELL,3.365,3.76,2.1800000000000015,A,US,LOSS,-1.0
UNIUSDT,Zone Entry,2026-02-12 18:59,2026-02-13 13:59,SELL,3.202,3.341,2.7849999999999993,A,US,LOSS,-1.0
UNIUSDT,Zone Entry,2026-02-15 13:59,2026-02-16 05:59,SELL,3.478,3.587,3.1510000000000002,B,Europe,LOSS,-1.0
UNIUSDT,Zone Entry,2026-02-23 16:59,2026-02-25 01:59,SELL,3.371,3.455,3.1189999999999998,A,US,LOSS,-1.0
UNIUSDT,Zone Entry,2026-03-26 08:59,2026-03-27 10:59,SELL,3.593,3.659,3.3950000000000005,A,Europe,WIN,3.0
UNIUSDT,Zone Entry,2026-04-07 01:59,2026-04-07 21:59,SELL,3.07,3.134,2.8779999999999997,A,Asia,LOSS,-1.0
UNIUSDT,Zone Entry,2026-04-17 07:59,2026-04-18 18:59,BUY,3.398,3.326,3.6140000000000003,A,Asia,LOSS,-1.0
UNIUSDT,Zone Entry,2026-04-18 16:59,2026-04-19 22:59,SELL,3.368,3.417,3.221,B,US,WIN,3.0
UNIUSDT,Zone Entry,2026-04-23 09:59,2026-04-23 15:59,SELL,3.225,3.288,3.036000000000001,A,Europe,LOSS,-1.0
UNIUSDT,Zone Entry,2026-05-09 20:59,2026-05-10 07:59,BUY,3.73,3.636,4.012,A,US,WIN,3.0
UNIUSDT,Zone Entry,2026-06-03 14:59,2026-06-03 17:59,BUY,2.926,2.821,3.241,B,Europe,LOSS,-1.0
UNIUSDT,Zone Entry,2026-06-16 18:59,2026-06-17 07:59,BUY,3.242,3.085,3.713,A,US,WIN,3.0
UNIUSDT,Zone Entry,2026-06-22 03:59,2026-06-22 05:59,SELL,3.002,3.065,2.8129999999999993,B,Asia,LOSS,-1.0
UNIUSDT,Zone Entry,2026-06-22 12:59,2026-06-22 17:59,BUY,3.066,3.009,3.2369999999999997,B,Europe,LOSS,-1.0
UNIUSDT,Zone Entry,2026-06-26 16:59,2026-06-28 05:59,BUY,2.967,2.883,3.2190000000000003,B,US,LOSS,-1.0
UNIUSDT,Zone Entry,2026-07-01 07:59,2026-07-01 21:59,SELL,2.78,2.834,2.617999999999999,A,Asia,LOSS,-1.0
UNIUSDT,Zone Entry,2026-07-05 19:59,2026-07-05 22:59,SELL,3.151,3.198,3.0099999999999993,B,US,LOSS,-1.0
UNIUSDT,Zone Entry,2026-07-09 06:59,2026-07-09 12:59,BUY,3.407,3.306,3.71,A,Asia,LOSS,-1.0
UNIUSDT,Zone Entry,2026-07-13 04:59,2026-07-13 16:59,SELL,3.493,3.578,3.238,B,Asia,LOSS,-1.0
UNIUSDT,Zone Entry,2026-07-24 06:59,2026-07-24 13:59,BUY,3.856,3.775,4.099,B,Asia,LOSS,-1.0
UNIUSDT,Zone Entry,2026-08-10 09:59,2026-08-11 14:59,SELL,4.0,4.077,3.769,B,Europe,WIN,3.0
UNIUSDT,Zone Entry,2026-08-22 00:59,2026-08-22 05:59,BUY,4.247,4.023,4.9190000000000005,A,Asia,LOSS,-1.0
UNIUSDT,Zone Entry,2026-08-27 06:59,2026-08-28 00:59,BUY,4.387,4.274,4.725999999999998,B,Asia,WIN,3.0
UNIUSDT,Zone Entry,2026-08-28 21:59,2026-08-29 16:59,SELL,4.363,4.608,3.628000000000003,A,US,LOSS,-1.0
UNIUSDT,Zone Entry,2026-09-09 13:59,2026-09-10 01:59,SELL,6.625,6.829,6.013000000000001,B,Europe,WIN,3.0
UNIUSDT,Zone Entry,2026-09-23 15:59,,SELL,9.113,10.719,4.295,B,Europe,OPEN,0.0
UNIUSDT,Momentum Continuation,2025-11-03 03:59,2025-11-03 06:59,SELL,5.458,5.51258,5.29426,A+,Asia,WIN,3.0
UNIUSDT,Momentum Continuation,2026-02-03 18:59,2026-02-03 19:59,SELL,3.711,3.74811,3.5996699999999997,A,US,LOSS,-1.0
UNIUSDT,Momentum Continuation,2026-05-08 16:59,2026-05-08 17:59,BUY,3.677,3.64023,3.78731,B,US,LOSS,-1.0
UNIUSDT,Momentum Continuation,2026-06-15 23:59,2026-06-16 00:59,BUY,2.845,2.8165500000000003,2.9303500000000002,A+,US,WIN,3.0
UNIUSDT,Momentum Continuation,2026-06-16 00:59,2026-06-16 01:59,BUY,2.972,2.94228,3.06116,A+,Asia,LOSS,-1.0
UNIUSDT,Momentum Continuation,2026-06-24 17:59,2026-06-24 18:59,SELL,2.732,2.75932,2.65004,A,US,LOSS,-1.0
UNIUSDT,Momentum Continuation,2026-07-30 13:59,2026-07-30 16:59,BUY,4.288,4.24512,4.41664,A+,Europe,WIN,3.0
UNIUSDT,Momentum Continuation,2026-08-30 12:59,2026-08-30 14:59,BUY,5.236,5.18364,5.39308,A+,Europe,LOSS,-1.0
UNIUSDT,Mean Reversion,2025-10-08 16:59,2025-10-08 17:59,BUY,7.998,7.91802,8.02196,A+,US,WIN,0.3
UNIUSDT,Mean Reversion,2025-10-13 20:59,2025-10-13 21:59,BUY,7.104,7.03296,6.41308,A+,US,WIN,9.726
UNIUSDT,Mean Reversion,2025-10-22 23:59,2025-10-23 06:59,BUY,6.034,5.97366,6.236799999999999,A+,US,WIN,3.361
UNIUSDT,Mean Reversion,2025-10-24 07:59,2025-10-24 12:59,SELL,6.355,6.418550000000001,6.190499999999998,A,Asia,LOSS,-1.0
UNIUSDT,Mean Reversion,2025-10-29 17:59,2025-10-29 18:59,BUY,6.436,6.37164,6.452879999999997,A+,US,LOSS,-1.0
UNIUSDT,Mean Reversion,2025-11-05 18:59,2025-11-05 19:59,BUY,5.47,5.415299999999999,5.172740000000001,A+,US,WIN,5.434
UNIUSDT,Mean Reversion,2025-11-08 00:59,2025-11-08 01:59,SELL,5.806,5.86406,5.419179999999999,A,Asia,LOSS,-1.0
UNIUSDT,Mean Reversion,2025-11-13 01:59,2025-11-13 14:59,BUY,7.806,7.72794,8.444619999999995,A,Asia,LOSS,-1.0
UNIUSDT,Mean Reversion,2025-11-19 20:59,2025-11-20 03:59,BUY,6.935,6.86565,7.317519999999994,A+,US,WIN,5.516
UNIUSDT,Mean Reversion,2025-12-05 08:59,2025-12-05 09:59,SELL,5.906,5.965059999999999,6.024059999999996,B,Europe,WIN,1.999
UNIUSDT,Mean Reversion,2025-12-09 19:59,2025-12-10 07:59,SELL,5.842,5.9004199999999996,5.598459999999996,A+,US,WIN,4.169
UNIUSDT,Mean Reversion,2025-12-11 11:59,2025-12-11 13:59,BUY,5.401,5.34699,5.59007999999999,B,Europe,LOSS,-1.0
UNIUSDT,Mean Reversion,2025-12-23 16:59,2025-12-23 17:59,BUY,5.803,5.7449699999999995,6.070619999999999,A+,US,LOSS,-1.0
UNIUSDT,Mean Reversion,2025-12-24 16:59,2025-12-24 17:59,BUY,5.866,5.80734,5.86202,A+,US,LOSS,-1.0
UNIUSDT,Mean Reversion,2025-12-28 09:59,2025-12-28 11:59,SELL,6.257,6.31957,5.95436,B,Europe,LOSS,-1.0
UNIUSDT,Mean Reversion,2026-01-03 05:59,2026-01-03 06:59,SELL,5.98,6.0398000000000005,5.828319999999999,A,Asia,WIN,2.536
UNIUSDT,Mean Reversion,2026-01-08 01:59,2026-01-08 02:59,BUY,5.805,5.74695,5.967899999999997,A,Asia,LOSS,-1.0
UNIUSDT,Mean Reversion,2026-01-09 21:59,2026-01-10 04:59,BUY,5.484,5.4291599999999995,5.5281799999999945,A+,US,LOSS,-1.0
UNIUSDT,Mean Reversion,2026-01-14 17:59,2026-01-14 19:59,SELL,5.742,5.7994200000000005,5.565879999999998,A+,US,LOSS,-1.0
UNIUSDT,Mean Reversion,2026-02-06 09:59,2026-02-06 16:59,BUY,3.274,3.24126,3.5528600000000035,B,Europe,WIN,8.517
UNIUSDT,Mean Reversion,2026-02-11 11:59,2026-02-11 13:59,BUY,3.263,3.2303699999999997,3.373340000000003,B,Europe,WIN,3.382
UNIUSDT,Mean Reversion,2026-02-11 23:59,2026-02-12 00:59,SELL,3.365,3.3986500000000004,3.4019800000000044,A+,US,LOSS,-1.0
UNIUSDT,Mean Reversion,2026-02-14 12:59,2026-02-14 13:59,SELL,3.453,3.48753,3.352860000000001,B,Europe,LOSS,-1.0
UNIUSDT,Mean Reversion,2026-02-18 23:59,2026-02-19 12:59,BUY,3.401,3.36699,3.528240000000003,A+,US,LOSS,-1.0
UNIUSDT,Mean Reversion,2026-02-19 14:59,2026-02-19 15:59,BUY,3.358,3.32442,3.477360000000003,B,Europe,LOSS,-1.0
UNIUSDT,Mean Reversion,2026-02-22 12:59,2026-02-22 13:59,SELL,3.507,3.5420700000000003,3.5434400000000026,B,Europe,WIN,1.039
UNIUSDT,Mean Reversion,2026-02-28 18:59,2026-02-28 19:59,BUY,3.752,3.7144799999999996,3.7531400000000055,A+,US,WIN,0.03
UNIUSDT,Mean Reversion,2026-03-09 05:59,2026-03-09 06:59,BUY,3.815,3.77685,3.7477600000000053,A,Asia,WIN,1.763
UNIUSDT,Mean Reversion,2026-03-09 22:59,2026-03-10 00:59,SELL,3.872,3.91072,3.769820000000004,A+,US,LOSS,-1.0
UNIUSDT,Mean Reversion,2026-03-10 10:59,2026-03-11 05:59,SELL,3.942,3.9814200000000004,3.815060000000005,B,Europe,WIN,3.22
UNIUSDT,Mean Reversion,2026-03-23 02:59,2026-03-23 03:59,BUY,3.507,3.47193,3.5273200000000045,A,Asia,WIN,0.579
UNIUSDT,Mean Reversion,2026-03-26 05:59,2026-03-26 06:59,SELL,3.614,3.65014,3.634800000000005,A,Asia,WIN,0.576
UNIUSDT,Mean Reversion,2026-03-27 00:59,2026-03-27 08:59,BUY,3.533,3.49767,3.621560000000005,A,Asia,LOSS,-1.0
UNIUSDT,Mean Reversion,2026-03-28 13:59,2026-03-28 20:59,BUY,3.408,3.37392,3.443540000000004,B,Europe,WIN,1.043
UNIUSDT,Mean Reversion,2026-03-30 09:59,2026-03-30 13:59,SELL,3.511,3.54611,3.4027800000000066,B,Europe,LOSS,-1.0
UNIUSDT,Mean Reversion,2026-03-30 15:59,2026-03-31 01:59,SELL,3.524,3.55924,3.420040000000006,B,Europe,LOSS,-1.0
UNIUSDT,Mean Reversion,2026-04-08 00:59,2026-04-08 08:59,SELL,3.225,3.25725,3.127460000000002,A,Asia,LOSS,-1.0
UNIUSDT,Mean Reversion,2026-04-13 00:59,2026-04-13 10:59,BUY,3.04,3.0096,3.101520000000005,A,Asia,LOSS,-1.0
UNIUSDT,Mean Reversion,2026-04-14 15:59,2026-04-14 18:59,SELL,3.157,3.18857,3.103220000000005,B,Europe,WIN,1.704
UNIUSDT,Mean Reversion,2026-04-16 10:59,2026-04-16 12:59,SELL,3.247,3.27947,3.1849400000000028,B,Europe,LOSS,-1.0
UNIUSDT,Mean Reversion,2026-04-19 12:59,2026-04-19 15:59,BUY,3.322,3.28878,3.3993800000000016,B,Europe,LOSS,-1.0
UNIUSDT,Mean Reversion,2026-04-20 03:59,2026-04-20 05:59,BUY,3.275,3.24225,3.3336200000000016,A,Asia,LOSS,-1.0
UNIUSDT,Mean Reversion,2026-04-27 05:59,2026-04-27 06:59,SELL,3.251,3.2835099999999997,3.2679400000000043,A,Asia,WIN,0.521
UNIUSDT,Mean Reversion,2026-05-13 12:59,2026-05-13 13:59,SELL,3.678,3.7147799999999997,3.810240000000003,B,Europe,WIN,3.595
UNIUSDT,Mean Reversion,2026-05-14 14:59,2026-05-14 15:59,BUY,3.719,3.68181,3.6904200000000036,B,Europe,WIN,0.768
UNIUSDT,Mean Reversion,2026-05-17 10:59,2026-05-17 11:59,BUY,3.568,3.53232,3.5467000000000053,B,Europe,WIN,0.597
UNIUSDT,Mean Reversion,2026-05-21 06:59,2026-05-21 08:59,SELL,3.638,3.6743799999999998,3.5465000000000035,A,Asia,LOSS,-1.0
UNIUSDT,Mean Reversion,2026-05-26 04:59,2026-05-26 14:59,BUY,3.296,3.2630399999999997,3.376360000000005,A,Asia,WIN,2.438
UNIUSDT,Mean Reversion,2026-06-03 05:59,2026-06-03 11:59,BUY,2.857,2.82843,2.908540000000004,A,Asia,WIN,1.804
UNIUSDT,Mean Reversion,2026-06-07 04:59,2026-06-07 05:59,BUY,2.547,2.5215300000000003,2.4662000000000046,A,Asia,WIN,3.172
UNIUSDT,Mean Reversion,2026-06-23 11:59,2026-06-24 13:59,BUY,2.889,2.8601099999999997,3.0033800000000017,B,Europe,LOSS,-1.0
UNIUSDT,Mean Reversion,2026-07-01 03:59,2026-07-01 06:59,BUY,2.845,2.8165500000000003,2.8735800000000027,A,Asia,LOSS,-1.0
UNIUSDT,Mean Reversion,2026-07-10 14:59,2026-07-10 16:59,SELL,3.54,3.5754,3.395660000000004,B,Europe,LOSS,-1.0
UNIUSDT,Mean Reversion,2026-07-12 10:59,2026-07-12 11:59,SELL,3.611,3.64711,3.6099400000000026,B,Europe,WIN,0.029
UNIUSDT,Mean Reversion,2026-07-13 14:59,2026-07-13 20:59,BUY,3.521,3.4857899999999997,3.630700000000002,B,Europe,LOSS,-1.0
UNIUSDT,Mean Reversion,2026-07-27 14:59,2026-07-27 16:59,SELL,3.83,3.8683,3.7904400000000016,B,Europe,LOSS,-1.0
UNIUSDT,Mean Reversion,2026-08-01 13:59,2026-08-01 17:59,BUY,4.108,4.06692,4.305220000000003,B,Europe,LOSS,-1.0
UNIUSDT,Mean Reversion,2026-08-05 06:59,2026-08-05 07:59,BUY,3.974,3.93426,3.924640000000001,A,Asia,LOSS,-1.0
UNIUSDT,Mean Reversion,2026-08-15 19:59,2026-08-16 15:59,BUY,3.241,3.20859,3.316120000000002,A+,US,WIN,2.318
UNIUSDT,Mean Reversion,2026-08-23 22:59,2026-08-24 10:59,SELL,4.561,4.60661,4.29624,A+,US,WIN,5.805
UNIUSDT,Mean Reversion,2026-09-07 15:59,2026-09-07 16:59,SELL,6.778,6.8457799999999995,7.03822,B,Europe,LOSS,-1.0
UNIUSDT,Mean Reversion,2026-09-14 21:59,2026-09-15 00:59,SELL,6.551,6.61651,6.336919999999999,A+,US,LOSS,-1.0
